,Start Time (LST),End Time (LST),Start Time (UTC),End Time (UTC),12 hr Snow (in.),12 hr LPE (in.)
0,2022-10-01 04:00:00-06:00,2022-10-01 16:00:00-06:00,2022-10-01 10:00:00+00:00,2022-10-01 22:00:00+00:00,0.0,0.0
1,2022-10-01 16:00:00-06:00,2022-10-02 04:00:00-06:00,2022-10-01 22:00:00+00:00,2022-10-02 10:00:00+00:00,0.0,0.0
2,2022-10-02 04:00:00-06:00,2022-10-02 16:00:00-06:00,2022-10-02 10:00:00+00:00,2022-10-02 22:00:00+00:00,0.0,0.0
3,2022-10-02 16:00:00-06:00,2022-10-03 04:00:00-06:00,2022-10-02 22:00:00+00:00,2022-10-03 10:00:00+00:00,0.0,0.0
4,2022-10-03 04:00:00-06:00,2022-10-03 16:00:00-06:00,2022-10-03 10:00:00+00:00,2022-10-03 22:00:00+00:00,0.0,0.0
5,2022-10-03 16:00:00-06:00,2022-10-04 04:00:00-06:00,2022-10-03 22:00:00+00:00,2022-10-04 10:00:00+00:00,0.0,0.0
6,2022-10-04 04:00:00-06:00,2022-10-04 16:00:00-06:00,2022-10-04 10:00:00+00:00,2022-10-04 22:00:00+00:00,0.0,0.0
7,2022-10-04 16:00:00-06:00,2022-10-05 04:00:00-06:00,2022-10-04 22:00:00+00:00,2022-10-05 10:00:00+00:00,0.0,0.0
8,2022-10-05 04:00:00-06:00,2022-10-05 16:00:00-06:00,2022-10-05 10:00:00+00:00,2022-10-05 22:00:00+00:00,0.0,0.0
9,2022-10-05 16:00:00-06:00,2022-10-06 04:00:00-06:00,2022-10-05 22:00:00+00:00,2022-10-06 10:00:00+00:00,0.0,0.0
10,2022-10-06 04:00:00-06:00,2022-10-06 16:00:00-06:00,2022-10-06 10:00:00+00:00,2022-10-06 22:00:00+00:00,0.0,0.0
11,2022-10-06 16:00:00-06:00,2022-10-07 04:00:00-06:00,2022-10-06 22:00:00+00:00,2022-10-07 10:00:00+00:00,0.0,0.0
12,2022-10-07 04:00:00-06:00,2022-10-07 16:00:00-06:00,2022-10-07 10:00:00+00:00,2022-10-07 22:00:00+00:00,0.0,0.0
13,2022-10-07 16:00:00-06:00,2022-10-08 04:00:00-06:00,2022-10-07 22:00:00+00:00,2022-10-08 10:00:00+00:00,0.0,0.0
14,2022-10-08 04:00:00-06:00,2022-10-08 16:00:00-06:00,2022-10-08 10:00:00+00:00,2022-10-08 22:00:00+00:00,0.0,0.0
15,2022-10-08 16:00:00-06:00,2022-10-09 04:00:00-06:00,2022-10-08 22:00:00+00:00,2022-10-09 10:00:00+00:00,0.0,0.0
16,2022-10-09 04:00:00-06:00,2022-10-09 16:00:00-06:00,2022-10-09 10:00:00+00:00,2022-10-09 22:00:00+00:00,0.0,0.0
17,2022-10-09 16:00:00-06:00,2022-10-10 04:00:00-06:00,2022-10-09 22:00:00+00:00,2022-10-10 10:00:00+00:00,0.0,0.0
18,2022-10-10 04:00:00-06:00,2022-10-10 16:00:00-06:00,2022-10-10 10:00:00+00:00,2022-10-10 22:00:00+00:00,0.0,0.0
19,2022-10-10 16:00:00-06:00,2022-10-11 04:00:00-06:00,2022-10-10 22:00:00+00:00,2022-10-11 10:00:00+00:00,0.0,0.0
20,2022-10-11 04:00:00-06:00,2022-10-11 16:00:00-06:00,2022-10-11 10:00:00+00:00,2022-10-11 22:00:00+00:00,0.0,0.0
21,2022-10-11 16:00:00-06:00,2022-10-12 04:00:00-06:00,2022-10-11 22:00:00+00:00,2022-10-12 10:00:00+00:00,0.0,0.0
22,2022-10-12 04:00:00-06:00,2022-10-12 16:00:00-06:00,2022-10-12 10:00:00+00:00,2022-10-12 22:00:00+00:00,0.0,0.0
23,2022-10-12 16:00:00-06:00,2022-10-13 04:00:00-06:00,2022-10-12 22:00:00+00:00,2022-10-13 10:00:00+00:00,0.0,0.0
24,2022-10-13 04:00:00-06:00,2022-10-13 16:00:00-06:00,2022-10-13 10:00:00+00:00,2022-10-13 22:00:00+00:00,0.0,0.0
25,2022-10-13 16:00:00-06:00,2022-10-14 04:00:00-06:00,2022-10-13 22:00:00+00:00,2022-10-14 10:00:00+00:00,0.0,0.0
26,2022-10-14 04:00:00-06:00,2022-10-14 16:00:00-06:00,2022-10-14 10:00:00+00:00,2022-10-14 22:00:00+00:00,0.0,0.0
27,2022-10-14 16:00:00-06:00,2022-10-15 04:00:00-06:00,2022-10-14 22:00:00+00:00,2022-10-15 10:00:00+00:00,0.0,0.0
28,2022-10-15 04:00:00-06:00,2022-10-15 16:00:00-06:00,2022-10-15 10:00:00+00:00,2022-10-15 22:00:00+00:00,0.0,0.0
29,2022-10-15 16:00:00-06:00,2022-10-16 04:00:00-06:00,2022-10-15 22:00:00+00:00,2022-10-16 10:00:00+00:00,0.0,0.0
30,2022-10-16 04:00:00-06:00,2022-10-16 16:00:00-06:00,2022-10-16 10:00:00+00:00,2022-10-16 22:00:00+00:00,0.0,0.0
31,2022-10-16 16:00:00-06:00,2022-10-17 04:00:00-06:00,2022-10-16 22:00:00+00:00,2022-10-17 10:00:00+00:00,0.0,0.0
32,2022-10-17 04:00:00-06:00,2022-10-17 16:00:00-06:00,2022-10-17 10:00:00+00:00,2022-10-17 22:00:00+00:00,0.0,0.0
33,2022-10-17 16:00:00-06:00,2022-10-18 04:00:00-06:00,2022-10-17 22:00:00+00:00,2022-10-18 10:00:00+00:00,0.0,0.0
34,2022-10-18 04:00:00-06:00,2022-10-18 16:00:00-06:00,2022-10-18 10:00:00+00:00,2022-10-18 22:00:00+00:00,0.0,0.0
35,2022-10-18 16:00:00-06:00,2022-10-19 04:00:00-06:00,2022-10-18 22:00:00+00:00,2022-10-19 10:00:00+00:00,0.0,0.0
36,2022-10-19 04:00:00-06:00,2022-10-19 16:00:00-06:00,2022-10-19 10:00:00+00:00,2022-10-19 22:00:00+00:00,0.0,0.0
37,2022-10-19 16:00:00-06:00,2022-10-20 04:00:00-06:00,2022-10-19 22:00:00+00:00,2022-10-20 10:00:00+00:00,0.0,0.0
38,2022-10-20 04:00:00-06:00,2022-10-20 16:00:00-06:00,2022-10-20 10:00:00+00:00,2022-10-20 22:00:00+00:00,0.0,0.0
39,2022-10-20 16:00:00-06:00,2022-10-21 04:00:00-06:00,2022-10-20 22:00:00+00:00,2022-10-21 10:00:00+00:00,0.0,0.0
40,2022-10-21 04:00:00-06:00,2022-10-21 16:00:00-06:00,2022-10-21 10:00:00+00:00,2022-10-21 22:00:00+00:00,0.0,0.0
41,2022-10-21 16:00:00-06:00,2022-10-22 04:00:00-06:00,2022-10-21 22:00:00+00:00,2022-10-22 10:00:00+00:00,0.0,0.0
42,2022-10-22 04:00:00-06:00,2022-10-22 16:00:00-06:00,2022-10-22 10:00:00+00:00,2022-10-22 22:00:00+00:00,7.0,1.13
43,2022-10-22 16:00:00-06:00,2022-10-23 04:00:00-06:00,2022-10-22 22:00:00+00:00,2022-10-23 10:00:00+00:00,10.5,1.3600000000000003
44,2022-10-23 04:00:00-06:00,2022-10-23 16:00:00-06:00,2022-10-23 10:00:00+00:00,2022-10-23 22:00:00+00:00,5.999999999999999,0.57
45,2022-10-23 16:00:00-06:00,2022-10-24 04:00:00-06:00,2022-10-23 22:00:00+00:00,2022-10-24 10:00:00+00:00,2.5,0.22
46,2022-10-24 04:00:00-06:00,2022-10-24 16:00:00-06:00,2022-10-24 10:00:00+00:00,2022-10-24 22:00:00+00:00,0.0,0.0
47,2022-10-24 16:00:00-06:00,2022-10-25 04:00:00-06:00,2022-10-24 22:00:00+00:00,2022-10-25 10:00:00+00:00,0.0,0.0
48,2022-10-25 04:00:00-06:00,2022-10-25 16:00:00-06:00,2022-10-25 10:00:00+00:00,2022-10-25 22:00:00+00:00,2.0,0.2
49,2022-10-25 16:00:00-06:00,2022-10-26 04:00:00-06:00,2022-10-25 22:00:00+00:00,2022-10-26 10:00:00+00:00,0.0,0.0
50,2022-10-26 04:00:00-06:00,2022-10-26 16:00:00-06:00,2022-10-26 10:00:00+00:00,2022-10-26 22:00:00+00:00,4.0,0.31
51,2022-10-26 16:00:00-06:00,2022-10-27 04:00:00-06:00,2022-10-26 22:00:00+00:00,2022-10-27 10:00:00+00:00,5.5,0.43
52,2022-10-27 04:00:00-06:00,2022-10-27 16:00:00-06:00,2022-10-27 10:00:00+00:00,2022-10-27 22:00:00+00:00,0.0,0.02
53,2022-10-27 16:00:00-06:00,2022-10-28 04:00:00-06:00,2022-10-27 22:00:00+00:00,2022-10-28 10:00:00+00:00,0.0,0.0
54,2022-10-28 04:00:00-06:00,2022-10-28 16:00:00-06:00,2022-10-28 10:00:00+00:00,2022-10-28 22:00:00+00:00,0.0,0.0
55,2022-10-28 16:00:00-06:00,2022-10-29 04:00:00-06:00,2022-10-28 22:00:00+00:00,2022-10-29 10:00:00+00:00,0.0,0.0
56,2022-10-29 04:00:00-06:00,2022-10-29 16:00:00-06:00,2022-10-29 10:00:00+00:00,2022-10-29 22:00:00+00:00,0.0,0.0
57,2022-10-29 16:00:00-06:00,2022-10-30 04:00:00-06:00,2022-10-29 22:00:00+00:00,2022-10-30 10:00:00+00:00,0.0,0.0
58,2022-10-30 04:00:00-06:00,2022-10-30 16:00:00-06:00,2022-10-30 10:00:00+00:00,2022-10-30 22:00:00+00:00,0.0,0.0
59,2022-10-30 16:00:00-06:00,2022-10-31 04:00:00-06:00,2022-10-30 22:00:00+00:00,2022-10-31 10:00:00+00:00,0.0,0.0
60,2022-10-31 04:00:00-06:00,2022-10-31 16:00:00-06:00,2022-10-31 10:00:00+00:00,2022-10-31 22:00:00+00:00,0.0,0.0
61,2022-10-31 16:00:00-06:00,2022-11-01 04:00:00-06:00,2022-10-31 22:00:00+00:00,2022-11-01 10:00:00+00:00,0.0,0.0
62,2022-11-01 04:00:00-06:00,2022-11-01 16:00:00-06:00,2022-11-01 10:00:00+00:00,2022-11-01 22:00:00+00:00,0.0,0.0
63,2022-11-01 16:00:00-06:00,2022-11-02 04:00:00-06:00,2022-11-01 22:00:00+00:00,2022-11-02 10:00:00+00:00,0.0,0.0
64,2022-11-02 04:00:00-06:00,2022-11-02 16:00:00-06:00,2022-11-02 10:00:00+00:00,2022-11-02 22:00:00+00:00,10.0,1.06
65,2022-11-02 16:00:00-06:00,2022-11-03 04:00:00-06:00,2022-11-02 22:00:00+00:00,2022-11-03 10:00:00+00:00,3.0,0.24
66,2022-11-03 04:00:00-06:00,2022-11-03 16:00:00-06:00,2022-11-03 10:00:00+00:00,2022-11-03 22:00:00+00:00,0.0,0.04
67,2022-11-03 16:00:00-06:00,2022-11-04 04:00:00-06:00,2022-11-03 22:00:00+00:00,2022-11-04 10:00:00+00:00,0.0,0.0
68,2022-11-04 04:00:00-06:00,2022-11-04 16:00:00-06:00,2022-11-04 10:00:00+00:00,2022-11-04 22:00:00+00:00,0.0,0.0
69,2022-11-04 16:00:00-06:00,2022-11-05 04:00:00-06:00,2022-11-04 22:00:00+00:00,2022-11-05 10:00:00+00:00,2.0,0.28
70,2022-11-05 04:00:00-06:00,2022-11-05 16:00:00-06:00,2022-11-05 10:00:00+00:00,2022-11-05 22:00:00+00:00,3.5,0.52
71,2022-11-05 16:00:00-06:00,2022-11-06 04:00:00-07:00,2022-11-05 22:00:00+00:00,2022-11-06 11:00:00+00:00,5.999999999999999,0.7
72,2022-11-06 04:00:00-07:00,2022-11-06 16:00:00-07:00,2022-11-06 11:00:00+00:00,2022-11-06 23:00:00+00:00,0.0,0.0
73,2022-11-06 16:00:00-07:00,2022-11-07 04:00:00-07:00,2022-11-06 23:00:00+00:00,2022-11-07 11:00:00+00:00,1.4999999999999998,0.3
74,2022-11-07 04:00:00-07:00,2022-11-07 16:00:00-07:00,2022-11-07 11:00:00+00:00,2022-11-07 23:00:00+00:00,0.0,0.06
75,2022-11-07 16:00:00-07:00,2022-11-08 04:00:00-07:00,2022-11-07 23:00:00+00:00,2022-11-08 11:00:00+00:00,0.5,0.08
76,2022-11-08 04:00:00-07:00,2022-11-08 16:00:00-07:00,2022-11-08 11:00:00+00:00,2022-11-08 23:00:00+00:00,8.0,1.32
77,2022-11-08 16:00:00-07:00,2022-11-09 04:00:00-07:00,2022-11-08 23:00:00+00:00,2022-11-09 11:00:00+00:00,14.0,2.09
78,2022-11-09 04:00:00-07:00,2022-11-09 16:00:00-07:00,2022-11-09 11:00:00+00:00,2022-11-09 23:00:00+00:00,8.5,0.84
79,2022-11-09 16:00:00-07:00,2022-11-10 04:00:00-07:00,2022-11-09 23:00:00+00:00,2022-11-10 11:00:00+00:00,5.0,0.27
80,2022-11-10 04:00:00-07:00,2022-11-10 16:00:00-07:00,2022-11-10 11:00:00+00:00,2022-11-10 23:00:00+00:00,1.0,0.06
81,2022-11-10 16:00:00-07:00,2022-11-11 04:00:00-07:00,2022-11-10 23:00:00+00:00,2022-11-11 11:00:00+00:00,0.0,0.0
82,2022-11-11 04:00:00-07:00,2022-11-11 16:00:00-07:00,2022-11-11 11:00:00+00:00,2022-11-11 23:00:00+00:00,0.0,0.0
83,2022-11-11 16:00:00-07:00,2022-11-12 04:00:00-07:00,2022-11-11 23:00:00+00:00,2022-11-12 11:00:00+00:00,0.0,0.0
84,2022-11-12 04:00:00-07:00,2022-11-12 16:00:00-07:00,2022-11-12 11:00:00+00:00,2022-11-12 23:00:00+00:00,0.0,0.0
85,2022-11-12 16:00:00-07:00,2022-11-13 04:00:00-07:00,2022-11-12 23:00:00+00:00,2022-11-13 11:00:00+00:00,0.0,0.0
86,2022-11-13 04:00:00-07:00,2022-11-13 16:00:00-07:00,2022-11-13 11:00:00+00:00,2022-11-13 23:00:00+00:00,0.0,0.0
87,2022-11-13 16:00:00-07:00,2022-11-14 04:00:00-07:00,2022-11-13 23:00:00+00:00,2022-11-14 11:00:00+00:00,0.0,0.0
88,2022-11-14 04:00:00-07:00,2022-11-14 16:00:00-07:00,2022-11-14 11:00:00+00:00,2022-11-14 23:00:00+00:00,0.5,0.05
89,2022-11-14 16:00:00-07:00,2022-11-15 04:00:00-07:00,2022-11-14 23:00:00+00:00,2022-11-15 11:00:00+00:00,0.0,0.0
90,2022-11-15 04:00:00-07:00,2022-11-15 16:00:00-07:00,2022-11-15 11:00:00+00:00,2022-11-15 23:00:00+00:00,0.0,0.0
91,2022-11-15 16:00:00-07:00,2022-11-16 04:00:00-07:00,2022-11-15 23:00:00+00:00,2022-11-16 11:00:00+00:00,0.0,0.0
92,2022-11-16 04:00:00-07:00,2022-11-16 16:00:00-07:00,2022-11-16 11:00:00+00:00,2022-11-16 23:00:00+00:00,0.0,0.0
93,2022-11-16 16:00:00-07:00,2022-11-17 04:00:00-07:00,2022-11-16 23:00:00+00:00,2022-11-17 11:00:00+00:00,0.0,0.0
94,2022-11-17 04:00:00-07:00,2022-11-17 16:00:00-07:00,2022-11-17 11:00:00+00:00,2022-11-17 23:00:00+00:00,0.0,0.0
95,2022-11-17 16:00:00-07:00,2022-11-18 04:00:00-07:00,2022-11-17 23:00:00+00:00,2022-11-18 11:00:00+00:00,0.0,0.0
96,2022-11-18 04:00:00-07:00,2022-11-18 16:00:00-07:00,2022-11-18 11:00:00+00:00,2022-11-18 23:00:00+00:00,0.0,0.0
97,2022-11-18 16:00:00-07:00,2022-11-19 04:00:00-07:00,2022-11-18 23:00:00+00:00,2022-11-19 11:00:00+00:00,0.0,0.0
98,2022-11-19 04:00:00-07:00,2022-11-19 16:00:00-07:00,2022-11-19 11:00:00+00:00,2022-11-19 23:00:00+00:00,0.0,0.0
99,2022-11-19 16:00:00-07:00,2022-11-20 04:00:00-07:00,2022-11-19 23:00:00+00:00,2022-11-20 11:00:00+00:00,0.0,0.0
100,2022-11-20 04:00:00-07:00,2022-11-20 16:00:00-07:00,2022-11-20 11:00:00+00:00,2022-11-20 23:00:00+00:00,0.0,0.0
101,2022-11-20 16:00:00-07:00,2022-11-21 04:00:00-07:00,2022-11-20 23:00:00+00:00,2022-11-21 11:00:00+00:00,0.0,0.0
102,2022-11-21 04:00:00-07:00,2022-11-21 16:00:00-07:00,2022-11-21 11:00:00+00:00,2022-11-21 23:00:00+00:00,0.0,0.0
103,2022-11-21 16:00:00-07:00,2022-11-22 04:00:00-07:00,2022-11-21 23:00:00+00:00,2022-11-22 11:00:00+00:00,0.0,0.0
104,2022-11-22 04:00:00-07:00,2022-11-22 16:00:00-07:00,2022-11-22 11:00:00+00:00,2022-11-22 23:00:00+00:00,0.0,0.0
105,2022-11-22 16:00:00-07:00,2022-11-23 04:00:00-07:00,2022-11-22 23:00:00+00:00,2022-11-23 11:00:00+00:00,0.0,0.0
106,2022-11-23 04:00:00-07:00,2022-11-23 16:00:00-07:00,2022-11-23 11:00:00+00:00,2022-11-23 23:00:00+00:00,3.0,0.28
107,2022-11-23 16:00:00-07:00,2022-11-24 04:00:00-07:00,2022-11-23 23:00:00+00:00,2022-11-24 11:00:00+00:00,0.0,0.0
108,2022-11-24 04:00:00-07:00,2022-11-24 16:00:00-07:00,2022-11-24 11:00:00+00:00,2022-11-24 23:00:00+00:00,0.0,0.0
109,2022-11-24 16:00:00-07:00,2022-11-25 04:00:00-07:00,2022-11-24 23:00:00+00:00,2022-11-25 11:00:00+00:00,0.0,0.0
110,2022-11-25 04:00:00-07:00,2022-11-25 16:00:00-07:00,2022-11-25 11:00:00+00:00,2022-11-25 23:00:00+00:00,0.0,0.0
111,2022-11-25 16:00:00-07:00,2022-11-26 04:00:00-07:00,2022-11-25 23:00:00+00:00,2022-11-26 11:00:00+00:00,0.0,0.0
112,2022-11-26 04:00:00-07:00,2022-11-26 16:00:00-07:00,2022-11-26 11:00:00+00:00,2022-11-26 23:00:00+00:00,0.0,0.03
113,2022-11-26 16:00:00-07:00,2022-11-27 04:00:00-07:00,2022-11-26 23:00:00+00:00,2022-11-27 11:00:00+00:00,1.4999999999999998,0.15
114,2022-11-27 04:00:00-07:00,2022-11-27 16:00:00-07:00,2022-11-27 11:00:00+00:00,2022-11-27 23:00:00+00:00,0.0,0.0
115,2022-11-27 16:00:00-07:00,2022-11-28 04:00:00-07:00,2022-11-27 23:00:00+00:00,2022-11-28 11:00:00+00:00,0.0,0.0
116,2022-11-28 04:00:00-07:00,2022-11-28 16:00:00-07:00,2022-11-28 11:00:00+00:00,2022-11-28 23:00:00+00:00,5.0,0.25
117,2022-11-28 16:00:00-07:00,2022-11-29 04:00:00-07:00,2022-11-28 23:00:00+00:00,2022-11-29 11:00:00+00:00,9.0,0.52
118,2022-11-29 04:00:00-07:00,2022-11-29 16:00:00-07:00,2022-11-29 11:00:00+00:00,2022-11-29 23:00:00+00:00,3.5,0.23
119,2022-11-29 16:00:00-07:00,2022-11-30 04:00:00-07:00,2022-11-29 23:00:00+00:00,2022-11-30 11:00:00+00:00,0.0,0.0
120,2022-11-30 04:00:00-07:00,2022-11-30 16:00:00-07:00,2022-11-30 11:00:00+00:00,2022-11-30 23:00:00+00:00,0.0,0.0
121,2022-11-30 16:00:00-07:00,2022-12-01 04:00:00-07:00,2022-11-30 23:00:00+00:00,2022-12-01 11:00:00+00:00,0.0,0.0
122,2022-12-01 04:00:00-07:00,2022-12-01 16:00:00-07:00,2022-12-01 11:00:00+00:00,2022-12-01 23:00:00+00:00,0.0,0.0
123,2022-12-01 16:00:00-07:00,2022-12-02 04:00:00-07:00,2022-12-01 23:00:00+00:00,2022-12-02 11:00:00+00:00,9.0,0.95
124,2022-12-02 04:00:00-07:00,2022-12-02 16:00:00-07:00,2022-12-02 11:00:00+00:00,2022-12-02 23:00:00+00:00,3.0,0.3
125,2022-12-02 16:00:00-07:00,2022-12-03 04:00:00-07:00,2022-12-02 23:00:00+00:00,2022-12-03 11:00:00+00:00,0.0,0.0
126,2022-12-03 04:00:00-07:00,2022-12-03 16:00:00-07:00,2022-12-03 11:00:00+00:00,2022-12-03 23:00:00+00:00,0.0,0.0
127,2022-12-03 16:00:00-07:00,2022-12-04 04:00:00-07:00,2022-12-03 23:00:00+00:00,2022-12-04 11:00:00+00:00,0.5,0.05
128,2022-12-04 04:00:00-07:00,2022-12-04 16:00:00-07:00,2022-12-04 11:00:00+00:00,2022-12-04 23:00:00+00:00,0.0,0.0
129,2022-12-04 16:00:00-07:00,2022-12-05 04:00:00-07:00,2022-12-04 23:00:00+00:00,2022-12-05 11:00:00+00:00,9.0,0.83
130,2022-12-05 04:00:00-07:00,2022-12-05 16:00:00-07:00,2022-12-05 11:00:00+00:00,2022-12-05 23:00:00+00:00,5.0,0.25
131,2022-12-05 16:00:00-07:00,2022-12-06 04:00:00-07:00,2022-12-05 23:00:00+00:00,2022-12-06 11:00:00+00:00,0.5,0.03
132,2022-12-06 04:00:00-07:00,2022-12-06 16:00:00-07:00,2022-12-06 11:00:00+00:00,2022-12-06 23:00:00+00:00,0.0,0.0
133,2022-12-06 16:00:00-07:00,2022-12-07 04:00:00-07:00,2022-12-06 23:00:00+00:00,2022-12-07 11:00:00+00:00,0.0,0.0
134,2022-12-07 04:00:00-07:00,2022-12-07 16:00:00-07:00,2022-12-07 11:00:00+00:00,2022-12-07 23:00:00+00:00,0.0,0.0
135,2022-12-07 16:00:00-07:00,2022-12-08 04:00:00-07:00,2022-12-07 23:00:00+00:00,2022-12-08 11:00:00+00:00,4.0,0.21
136,2022-12-08 04:00:00-07:00,2022-12-08 16:00:00-07:00,2022-12-08 11:00:00+00:00,2022-12-08 23:00:00+00:00,0.0,0.0
137,2022-12-08 16:00:00-07:00,2022-12-09 04:00:00-07:00,2022-12-08 23:00:00+00:00,2022-12-09 11:00:00+00:00,0.0,0.0
138,2022-12-09 04:00:00-07:00,2022-12-09 16:00:00-07:00,2022-12-09 11:00:00+00:00,2022-12-09 23:00:00+00:00,0.0,0.02
139,2022-12-09 16:00:00-07:00,2022-12-10 04:00:00-07:00,2022-12-09 23:00:00+00:00,2022-12-10 11:00:00+00:00,0.0,0.0
140,2022-12-10 04:00:00-07:00,2022-12-10 16:00:00-07:00,2022-12-10 11:00:00+00:00,2022-12-10 23:00:00+00:00,0.0,0.0
141,2022-12-10 16:00:00-07:00,2022-12-11 04:00:00-07:00,2022-12-10 23:00:00+00:00,2022-12-11 11:00:00+00:00,0.0,0.0
142,2022-12-11 04:00:00-07:00,2022-12-11 16:00:00-07:00,2022-12-11 11:00:00+00:00,2022-12-11 23:00:00+00:00,2.0,0.15
143,2022-12-11 16:00:00-07:00,2022-12-12 04:00:00-07:00,2022-12-11 23:00:00+00:00,2022-12-12 11:00:00+00:00,15.0,1.14
144,2022-12-12 04:00:00-07:00,2022-12-12 16:00:00-07:00,2022-12-12 11:00:00+00:00,2022-12-12 23:00:00+00:00,4.0,0.2
145,2022-12-12 16:00:00-07:00,2022-12-13 04:00:00-07:00,2022-12-12 23:00:00+00:00,2022-12-13 11:00:00+00:00,8.0,0.25
146,2022-12-13 04:00:00-07:00,2022-12-13 16:00:00-07:00,2022-12-13 11:00:00+00:00,2022-12-13 23:00:00+00:00,9.5,0.22
147,2022-12-13 16:00:00-07:00,2022-12-14 04:00:00-07:00,2022-12-13 23:00:00+00:00,2022-12-14 11:00:00+00:00,8.0,0.21
148,2022-12-14 04:00:00-07:00,2022-12-14 16:00:00-07:00,2022-12-14 11:00:00+00:00,2022-12-14 23:00:00+00:00,7.5,0.16
149,2022-12-14 16:00:00-07:00,2022-12-15 04:00:00-07:00,2022-12-14 23:00:00+00:00,2022-12-15 11:00:00+00:00,4.0,0.12
150,2022-12-15 04:00:00-07:00,2022-12-15 16:00:00-07:00,2022-12-15 11:00:00+00:00,2022-12-15 23:00:00+00:00,11.5,0.4099999999999999
151,2022-12-15 16:00:00-07:00,2022-12-16 04:00:00-07:00,2022-12-15 23:00:00+00:00,2022-12-16 11:00:00+00:00,1.0,0.04
152,2022-12-16 04:00:00-07:00,2022-12-16 16:00:00-07:00,2022-12-16 11:00:00+00:00,2022-12-16 23:00:00+00:00,0.0,0.0
153,2022-12-16 16:00:00-07:00,2022-12-17 04:00:00-07:00,2022-12-16 23:00:00+00:00,2022-12-17 11:00:00+00:00,0.0,0.0
154,2022-12-17 04:00:00-07:00,2022-12-17 16:00:00-07:00,2022-12-17 11:00:00+00:00,2022-12-17 23:00:00+00:00,0.0,0.0
155,2022-12-17 16:00:00-07:00,2022-12-18 04:00:00-07:00,2022-12-17 23:00:00+00:00,2022-12-18 11:00:00+00:00,0.0,0.0
156,2022-12-18 04:00:00-07:00,2022-12-18 16:00:00-07:00,2022-12-18 11:00:00+00:00,2022-12-18 23:00:00+00:00,0.0,0.0
157,2022-12-18 16:00:00-07:00,2022-12-19 04:00:00-07:00,2022-12-18 23:00:00+00:00,2022-12-19 11:00:00+00:00,0.0,0.0
158,2022-12-19 04:00:00-07:00,2022-12-19 16:00:00-07:00,2022-12-19 11:00:00+00:00,2022-12-19 23:00:00+00:00,0.0,0.0
159,2022-12-19 16:00:00-07:00,2022-12-20 04:00:00-07:00,2022-12-19 23:00:00+00:00,2022-12-20 11:00:00+00:00,0.0,0.0
160,2022-12-20 04:00:00-07:00,2022-12-20 16:00:00-07:00,2022-12-20 11:00:00+00:00,2022-12-20 23:00:00+00:00,0.0,0.01
161,2022-12-20 16:00:00-07:00,2022-12-21 04:00:00-07:00,2022-12-20 23:00:00+00:00,2022-12-21 11:00:00+00:00,0.0,0.0
162,2022-12-21 04:00:00-07:00,2022-12-21 16:00:00-07:00,2022-12-21 11:00:00+00:00,2022-12-21 23:00:00+00:00,2.0,0.22
163,2022-12-21 16:00:00-07:00,2022-12-22 04:00:00-07:00,2022-12-21 23:00:00+00:00,2022-12-22 11:00:00+00:00,4.0,0.4
164,2022-12-22 04:00:00-07:00,2022-12-22 16:00:00-07:00,2022-12-22 11:00:00+00:00,2022-12-22 23:00:00+00:00,0.0,0.0
165,2022-12-22 16:00:00-07:00,2022-12-23 04:00:00-07:00,2022-12-22 23:00:00+00:00,2022-12-23 11:00:00+00:00,0.0,0.0
166,2022-12-23 04:00:00-07:00,2022-12-23 16:00:00-07:00,2022-12-23 11:00:00+00:00,2022-12-23 23:00:00+00:00,0.5,0.03
167,2022-12-23 16:00:00-07:00,2022-12-24 04:00:00-07:00,2022-12-23 23:00:00+00:00,2022-12-24 11:00:00+00:00,1.4999999999999998,0.3
168,2022-12-24 04:00:00-07:00,2022-12-24 16:00:00-07:00,2022-12-24 11:00:00+00:00,2022-12-24 23:00:00+00:00,1.4999999999999998,0.25
169,2022-12-24 16:00:00-07:00,2022-12-25 04:00:00-07:00,2022-12-24 23:00:00+00:00,2022-12-25 11:00:00+00:00,0.0,0.0
170,2022-12-25 04:00:00-07:00,2022-12-25 16:00:00-07:00,2022-12-25 11:00:00+00:00,2022-12-25 23:00:00+00:00,0.5,0.1
171,2022-12-25 16:00:00-07:00,2022-12-26 04:00:00-07:00,2022-12-25 23:00:00+00:00,2022-12-26 11:00:00+00:00,0.5,0.05
172,2022-12-26 04:00:00-07:00,2022-12-26 16:00:00-07:00,2022-12-26 11:00:00+00:00,2022-12-26 23:00:00+00:00,0.0,0.0
173,2022-12-26 16:00:00-07:00,2022-12-27 04:00:00-07:00,2022-12-26 23:00:00+00:00,2022-12-27 11:00:00+00:00,0.0,0.0
174,2022-12-27 04:00:00-07:00,2022-12-27 16:00:00-07:00,2022-12-27 11:00:00+00:00,2022-12-27 23:00:00+00:00,3.5,0.53
175,2022-12-27 16:00:00-07:00,2022-12-28 04:00:00-07:00,2022-12-27 23:00:00+00:00,2022-12-28 11:00:00+00:00,9.0,0.84
176,2022-12-28 04:00:00-07:00,2022-12-28 16:00:00-07:00,2022-12-28 11:00:00+00:00,2022-12-28 23:00:00+00:00,9.0,0.45
177,2022-12-28 16:00:00-07:00,2022-12-29 04:00:00-07:00,2022-12-28 23:00:00+00:00,2022-12-29 11:00:00+00:00,6.5,0.32
178,2022-12-29 04:00:00-07:00,2022-12-29 16:00:00-07:00,2022-12-29 11:00:00+00:00,2022-12-29 23:00:00+00:00,0.0,0.02
179,2022-12-29 16:00:00-07:00,2022-12-30 04:00:00-07:00,2022-12-29 23:00:00+00:00,2022-12-30 11:00:00+00:00,0.0,0.0
180,2022-12-30 04:00:00-07:00,2022-12-30 16:00:00-07:00,2022-12-30 11:00:00+00:00,2022-12-30 23:00:00+00:00,3.0,0.4099999999999999
181,2022-12-30 16:00:00-07:00,2022-12-31 04:00:00-07:00,2022-12-30 23:00:00+00:00,2022-12-31 11:00:00+00:00,4.0,0.64
182,2022-12-31 04:00:00-07:00,2022-12-31 16:00:00-07:00,2022-12-31 11:00:00+00:00,2022-12-31 23:00:00+00:00,5.5,0.66
183,2022-12-31 16:00:00-07:00,2023-01-01 04:00:00-07:00,2022-12-31 23:00:00+00:00,2023-01-01 11:00:00+00:00,10.5,1.46
184,2023-01-01 04:00:00-07:00,2023-01-01 16:00:00-07:00,2023-01-01 11:00:00+00:00,2023-01-01 23:00:00+00:00,9.0,0.8500000000000001
185,2023-01-01 16:00:00-07:00,2023-01-02 04:00:00-07:00,2023-01-01 23:00:00+00:00,2023-01-02 11:00:00+00:00,5.0,0.45
186,2023-01-02 04:00:00-07:00,2023-01-02 16:00:00-07:00,2023-01-02 11:00:00+00:00,2023-01-02 23:00:00+00:00,0.0,0.0
187,2023-01-02 16:00:00-07:00,2023-01-03 04:00:00-07:00,2023-01-02 23:00:00+00:00,2023-01-03 11:00:00+00:00,1.0,0.03
188,2023-01-03 04:00:00-07:00,2023-01-03 16:00:00-07:00,2023-01-03 11:00:00+00:00,2023-01-03 23:00:00+00:00,6.5,0.19
189,2023-01-03 16:00:00-07:00,2023-01-04 04:00:00-07:00,2023-01-03 23:00:00+00:00,2023-01-04 11:00:00+00:00,1.4999999999999998,0.04
190,2023-01-04 04:00:00-07:00,2023-01-04 16:00:00-07:00,2023-01-04 11:00:00+00:00,2023-01-04 23:00:00+00:00,0.0,0.0
191,2023-01-04 16:00:00-07:00,2023-01-05 04:00:00-07:00,2023-01-04 23:00:00+00:00,2023-01-05 11:00:00+00:00,0.0,0.0
192,2023-01-05 04:00:00-07:00,2023-01-05 16:00:00-07:00,2023-01-05 11:00:00+00:00,2023-01-05 23:00:00+00:00,1.4999999999999998,0.16
193,2023-01-05 16:00:00-07:00,2023-01-06 04:00:00-07:00,2023-01-05 23:00:00+00:00,2023-01-06 11:00:00+00:00,8.0,0.44
194,2023-01-06 04:00:00-07:00,2023-01-06 16:00:00-07:00,2023-01-06 11:00:00+00:00,2023-01-06 23:00:00+00:00,11.999999999999998,1.14
195,2023-01-06 16:00:00-07:00,2023-01-07 04:00:00-07:00,2023-01-06 23:00:00+00:00,2023-01-07 11:00:00+00:00,2.0,0.27
196,2023-01-07 04:00:00-07:00,2023-01-07 16:00:00-07:00,2023-01-07 11:00:00+00:00,2023-01-07 23:00:00+00:00,0.0,0.0
197,2023-01-07 16:00:00-07:00,2023-01-08 04:00:00-07:00,2023-01-07 23:00:00+00:00,2023-01-08 11:00:00+00:00,0.0,0.0
198,2023-01-08 04:00:00-07:00,2023-01-08 16:00:00-07:00,2023-01-08 11:00:00+00:00,2023-01-08 23:00:00+00:00,0.0,0.0
199,2023-01-08 16:00:00-07:00,2023-01-09 04:00:00-07:00,2023-01-08 23:00:00+00:00,2023-01-09 11:00:00+00:00,0.0,0.0
200,2023-01-09 04:00:00-07:00,2023-01-09 16:00:00-07:00,2023-01-09 11:00:00+00:00,2023-01-09 23:00:00+00:00,2.0,0.35
201,2023-01-09 16:00:00-07:00,2023-01-10 04:00:00-07:00,2023-01-09 23:00:00+00:00,2023-01-10 11:00:00+00:00,11.0,1.1
202,2023-01-10 04:00:00-07:00,2023-01-10 16:00:00-07:00,2023-01-10 11:00:00+00:00,2023-01-10 23:00:00+00:00,4.5,0.63
203,2023-01-10 16:00:00-07:00,2023-01-11 04:00:00-07:00,2023-01-10 23:00:00+00:00,2023-01-11 11:00:00+00:00,15.0,1.6
204,2023-01-11 04:00:00-07:00,2023-01-11 16:00:00-07:00,2023-01-11 11:00:00+00:00,2023-01-11 23:00:00+00:00,7.0,0.6800000000000002
205,2023-01-11 16:00:00-07:00,2023-01-12 04:00:00-07:00,2023-01-11 23:00:00+00:00,2023-01-12 11:00:00+00:00,0.0,0.0
206,2023-01-12 04:00:00-07:00,2023-01-12 16:00:00-07:00,2023-01-12 11:00:00+00:00,2023-01-12 23:00:00+00:00,0.0,0.0
207,2023-01-12 16:00:00-07:00,2023-01-13 04:00:00-07:00,2023-01-12 23:00:00+00:00,2023-01-13 11:00:00+00:00,0.0,0.0
208,2023-01-13 04:00:00-07:00,2023-01-13 16:00:00-07:00,2023-01-13 11:00:00+00:00,2023-01-13 23:00:00+00:00,0.0,0.0
209,2023-01-13 16:00:00-07:00,2023-01-14 04:00:00-07:00,2023-01-13 23:00:00+00:00,2023-01-14 11:00:00+00:00,0.0,0.0
210,2023-01-14 04:00:00-07:00,2023-01-14 16:00:00-07:00,2023-01-14 11:00:00+00:00,2023-01-14 23:00:00+00:00,0.0,0.0
211,2023-01-14 16:00:00-07:00,2023-01-15 04:00:00-07:00,2023-01-14 23:00:00+00:00,2023-01-15 11:00:00+00:00,11.0,0.6
212,2023-01-15 04:00:00-07:00,2023-01-15 16:00:00-07:00,2023-01-15 11:00:00+00:00,2023-01-15 23:00:00+00:00,11.999999999999998,0.8
213,2023-01-15 16:00:00-07:00,2023-01-16 04:00:00-07:00,2023-01-15 23:00:00+00:00,2023-01-16 11:00:00+00:00,4.0,0.25
214,2023-01-16 04:00:00-07:00,2023-01-16 16:00:00-07:00,2023-01-16 11:00:00+00:00,2023-01-16 23:00:00+00:00,5.999999999999999,0.3
215,2023-01-16 16:00:00-07:00,2023-01-17 04:00:00-07:00,2023-01-16 23:00:00+00:00,2023-01-17 11:00:00+00:00,14.0,0.53
216,2023-01-17 04:00:00-07:00,2023-01-17 16:00:00-07:00,2023-01-17 11:00:00+00:00,2023-01-17 23:00:00+00:00,4.0,0.17
217,2023-01-17 16:00:00-07:00,2023-01-18 04:00:00-07:00,2023-01-17 23:00:00+00:00,2023-01-18 11:00:00+00:00,5.5,0.15
218,2023-01-18 04:00:00-07:00,2023-01-18 16:00:00-07:00,2023-01-18 11:00:00+00:00,2023-01-18 23:00:00+00:00,3.5,0.07
219,2023-01-18 16:00:00-07:00,2023-01-19 04:00:00-07:00,2023-01-18 23:00:00+00:00,2023-01-19 11:00:00+00:00,0.0,0.0
220,2023-01-19 04:00:00-07:00,2023-01-19 16:00:00-07:00,2023-01-19 11:00:00+00:00,2023-01-19 23:00:00+00:00,1.0,0.1
221,2023-01-19 16:00:00-07:00,2023-01-20 04:00:00-07:00,2023-01-19 23:00:00+00:00,2023-01-20 11:00:00+00:00,0.0,0.0
222,2023-01-20 04:00:00-07:00,2023-01-20 16:00:00-07:00,2023-01-20 11:00:00+00:00,2023-01-20 23:00:00+00:00,0.0,0.0
223,2023-01-20 16:00:00-07:00,2023-01-21 04:00:00-07:00,2023-01-20 23:00:00+00:00,2023-01-21 11:00:00+00:00,0.0,0.0
224,2023-01-21 04:00:00-07:00,2023-01-21 16:00:00-07:00,2023-01-21 11:00:00+00:00,2023-01-21 23:00:00+00:00,0.0,0.0
225,2023-01-21 16:00:00-07:00,2023-01-22 04:00:00-07:00,2023-01-21 23:00:00+00:00,2023-01-22 11:00:00+00:00,0.0,0.0
226,2023-01-22 04:00:00-07:00,2023-01-22 16:00:00-07:00,2023-01-22 11:00:00+00:00,2023-01-22 23:00:00+00:00,1.0,0.07
227,2023-01-22 16:00:00-07:00,2023-01-23 04:00:00-07:00,2023-01-22 23:00:00+00:00,2023-01-23 11:00:00+00:00,0.0,0.03
228,2023-01-23 04:00:00-07:00,2023-01-23 16:00:00-07:00,2023-01-23 11:00:00+00:00,2023-01-23 23:00:00+00:00,0.0,0.0
229,2023-01-23 16:00:00-07:00,2023-01-24 04:00:00-07:00,2023-01-23 23:00:00+00:00,2023-01-24 11:00:00+00:00,2.0,0.05
230,2023-01-24 04:00:00-07:00,2023-01-24 16:00:00-07:00,2023-01-24 11:00:00+00:00,2023-01-24 23:00:00+00:00,0.5,0.01
231,2023-01-24 16:00:00-07:00,2023-01-25 04:00:00-07:00,2023-01-24 23:00:00+00:00,2023-01-25 11:00:00+00:00,9.5,0.23
232,2023-01-25 04:00:00-07:00,2023-01-25 16:00:00-07:00,2023-01-25 11:00:00+00:00,2023-01-25 23:00:00+00:00,0.0,0.01
233,2023-01-25 16:00:00-07:00,2023-01-26 04:00:00-07:00,2023-01-25 23:00:00+00:00,2023-01-26 11:00:00+00:00,1.4999999999999998,0.06
234,2023-01-26 04:00:00-07:00,2023-01-26 16:00:00-07:00,2023-01-26 11:00:00+00:00,2023-01-26 23:00:00+00:00,0.0,0.0
235,2023-01-26 16:00:00-07:00,2023-01-27 04:00:00-07:00,2023-01-26 23:00:00+00:00,2023-01-27 11:00:00+00:00,0.0,0.02
236,2023-01-27 04:00:00-07:00,2023-01-27 16:00:00-07:00,2023-01-27 11:00:00+00:00,2023-01-27 23:00:00+00:00,3.0,0.33
237,2023-01-27 16:00:00-07:00,2023-01-28 04:00:00-07:00,2023-01-27 23:00:00+00:00,2023-01-28 11:00:00+00:00,7.0,0.56
238,2023-01-28 04:00:00-07:00,2023-01-28 16:00:00-07:00,2023-01-28 11:00:00+00:00,2023-01-28 23:00:00+00:00,7.0,0.5
239,2023-01-28 16:00:00-07:00,2023-01-29 04:00:00-07:00,2023-01-28 23:00:00+00:00,2023-01-29 11:00:00+00:00,0.0,0.0
240,2023-01-29 04:00:00-07:00,2023-01-29 16:00:00-07:00,2023-01-29 11:00:00+00:00,2023-01-29 23:00:00+00:00,5.999999999999999,0.35
241,2023-01-29 16:00:00-07:00,2023-01-30 04:00:00-07:00,2023-01-29 23:00:00+00:00,2023-01-30 11:00:00+00:00,1.4999999999999998,0.0899999999999999
242,2023-01-30 04:00:00-07:00,2023-01-30 16:00:00-07:00,2023-01-30 11:00:00+00:00,2023-01-30 23:00:00+00:00,0.0,0.0
243,2023-01-30 16:00:00-07:00,2023-01-31 04:00:00-07:00,2023-01-30 23:00:00+00:00,2023-01-31 11:00:00+00:00,0.0,0.0
244,2023-01-31 04:00:00-07:00,2023-01-31 16:00:00-07:00,2023-01-31 11:00:00+00:00,2023-01-31 23:00:00+00:00,0.0,0.0
245,2023-01-31 16:00:00-07:00,2023-02-01 04:00:00-07:00,2023-01-31 23:00:00+00:00,2023-02-01 11:00:00+00:00,0.0,0.0
246,2023-02-01 04:00:00-07:00,2023-02-01 16:00:00-07:00,2023-02-01 11:00:00+00:00,2023-02-01 23:00:00+00:00,0.0,0.0
247,2023-02-01 16:00:00-07:00,2023-02-02 04:00:00-07:00,2023-02-01 23:00:00+00:00,2023-02-02 11:00:00+00:00,0.0,0.0
248,2023-02-02 04:00:00-07:00,2023-02-02 16:00:00-07:00,2023-02-02 11:00:00+00:00,2023-02-02 23:00:00+00:00,0.0,0.0
249,2023-02-02 16:00:00-07:00,2023-02-03 04:00:00-07:00,2023-02-02 23:00:00+00:00,2023-02-03 11:00:00+00:00,0.0,0.0
250,2023-02-03 04:00:00-07:00,2023-02-03 16:00:00-07:00,2023-02-03 11:00:00+00:00,2023-02-03 23:00:00+00:00,0.0,0.0
251,2023-02-03 16:00:00-07:00,2023-02-04 04:00:00-07:00,2023-02-03 23:00:00+00:00,2023-02-04 11:00:00+00:00,0.0,0.0
252,2023-02-04 04:00:00-07:00,2023-02-04 16:00:00-07:00,2023-02-04 11:00:00+00:00,2023-02-04 23:00:00+00:00,0.0,0.0
253,2023-02-04 16:00:00-07:00,2023-02-05 04:00:00-07:00,2023-02-04 23:00:00+00:00,2023-02-05 11:00:00+00:00,0.0,0.0
254,2023-02-05 04:00:00-07:00,2023-02-05 16:00:00-07:00,2023-02-05 11:00:00+00:00,2023-02-05 23:00:00+00:00,7.5,0.3
255,2023-02-05 16:00:00-07:00,2023-02-06 04:00:00-07:00,2023-02-05 23:00:00+00:00,2023-02-06 11:00:00+00:00,4.0,0.25
256,2023-02-06 04:00:00-07:00,2023-02-06 16:00:00-07:00,2023-02-06 11:00:00+00:00,2023-02-06 23:00:00+00:00,9.0,0.52
257,2023-02-06 16:00:00-07:00,2023-02-07 04:00:00-07:00,2023-02-06 23:00:00+00:00,2023-02-07 11:00:00+00:00,0.5,0.03
258,2023-02-07 04:00:00-07:00,2023-02-07 16:00:00-07:00,2023-02-07 11:00:00+00:00,2023-02-07 23:00:00+00:00,0.0,0.0
259,2023-02-07 16:00:00-07:00,2023-02-08 04:00:00-07:00,2023-02-07 23:00:00+00:00,2023-02-08 11:00:00+00:00,0.0,0.0
260,2023-02-08 04:00:00-07:00,2023-02-08 16:00:00-07:00,2023-02-08 11:00:00+00:00,2023-02-08 23:00:00+00:00,0.5,0.03
261,2023-02-08 16:00:00-07:00,2023-02-09 04:00:00-07:00,2023-02-08 23:00:00+00:00,2023-02-09 11:00:00+00:00,2.0,0.15
262,2023-02-09 04:00:00-07:00,2023-02-09 16:00:00-07:00,2023-02-09 11:00:00+00:00,2023-02-09 23:00:00+00:00,0.0,0.0
263,2023-02-09 16:00:00-07:00,2023-02-10 04:00:00-07:00,2023-02-09 23:00:00+00:00,2023-02-10 11:00:00+00:00,0.0,0.0
264,2023-02-10 04:00:00-07:00,2023-02-10 16:00:00-07:00,2023-02-10 11:00:00+00:00,2023-02-10 23:00:00+00:00,0.0,0.0
265,2023-02-10 16:00:00-07:00,2023-02-11 04:00:00-07:00,2023-02-10 23:00:00+00:00,2023-02-11 11:00:00+00:00,0.0,0.0
266,2023-02-11 04:00:00-07:00,2023-02-11 16:00:00-07:00,2023-02-11 11:00:00+00:00,2023-02-11 23:00:00+00:00,0.0,0.0
267,2023-02-11 16:00:00-07:00,2023-02-12 04:00:00-07:00,2023-02-11 23:00:00+00:00,2023-02-12 11:00:00+00:00,0.0,0.0
268,2023-02-12 04:00:00-07:00,2023-02-12 16:00:00-07:00,2023-02-12 11:00:00+00:00,2023-02-12 23:00:00+00:00,0.0,0.0
269,2023-02-12 16:00:00-07:00,2023-02-13 04:00:00-07:00,2023-02-12 23:00:00+00:00,2023-02-13 11:00:00+00:00,0.0,0.0
270,2023-02-13 04:00:00-07:00,2023-02-13 16:00:00-07:00,2023-02-13 11:00:00+00:00,2023-02-13 23:00:00+00:00,0.0,0.0
271,2023-02-13 16:00:00-07:00,2023-02-14 04:00:00-07:00,2023-02-13 23:00:00+00:00,2023-02-14 11:00:00+00:00,5.0,0.21
272,2023-02-14 04:00:00-07:00,2023-02-14 16:00:00-07:00,2023-02-14 11:00:00+00:00,2023-02-14 23:00:00+00:00,1.0,0.05
273,2023-02-14 16:00:00-07:00,2023-02-15 04:00:00-07:00,2023-02-14 23:00:00+00:00,2023-02-15 11:00:00+00:00,0.5,0.02
274,2023-02-15 04:00:00-07:00,2023-02-15 16:00:00-07:00,2023-02-15 11:00:00+00:00,2023-02-15 23:00:00+00:00,0.0,0.0
275,2023-02-15 16:00:00-07:00,2023-02-16 04:00:00-07:00,2023-02-15 23:00:00+00:00,2023-02-16 11:00:00+00:00,0.0,0.0
276,2023-02-16 04:00:00-07:00,2023-02-16 16:00:00-07:00,2023-02-16 11:00:00+00:00,2023-02-16 23:00:00+00:00,0.0,0.0
277,2023-02-16 16:00:00-07:00,2023-02-17 04:00:00-07:00,2023-02-16 23:00:00+00:00,2023-02-17 11:00:00+00:00,0.0,0.0
278,2023-02-17 04:00:00-07:00,2023-02-17 16:00:00-07:00,2023-02-17 11:00:00+00:00,2023-02-17 23:00:00+00:00,0.0,0.0
279,2023-02-17 16:00:00-07:00,2023-02-18 04:00:00-07:00,2023-02-17 23:00:00+00:00,2023-02-18 11:00:00+00:00,0.0,0.0
280,2023-02-18 04:00:00-07:00,2023-02-18 16:00:00-07:00,2023-02-18 11:00:00+00:00,2023-02-18 23:00:00+00:00,0.0,0.0
281,2023-02-18 16:00:00-07:00,2023-02-19 04:00:00-07:00,2023-02-18 23:00:00+00:00,2023-02-19 11:00:00+00:00,4.0,0.15
282,2023-02-19 04:00:00-07:00,2023-02-19 16:00:00-07:00,2023-02-19 11:00:00+00:00,2023-02-19 23:00:00+00:00,2.0,0.07
283,2023-02-19 16:00:00-07:00,2023-02-20 04:00:00-07:00,2023-02-19 23:00:00+00:00,2023-02-20 11:00:00+00:00,0.0,0.0
284,2023-02-20 04:00:00-07:00,2023-02-20 16:00:00-07:00,2023-02-20 11:00:00+00:00,2023-02-20 23:00:00+00:00,0.5,0.07
285,2023-02-20 16:00:00-07:00,2023-02-21 04:00:00-07:00,2023-02-20 23:00:00+00:00,2023-02-21 11:00:00+00:00,0.0,0.0
286,2023-02-21 04:00:00-07:00,2023-02-21 16:00:00-07:00,2023-02-21 11:00:00+00:00,2023-02-21 23:00:00+00:00,4.5,0.3400000000000001
287,2023-02-21 16:00:00-07:00,2023-02-22 04:00:00-07:00,2023-02-21 23:00:00+00:00,2023-02-22 11:00:00+00:00,14.0,1.16
288,2023-02-22 04:00:00-07:00,2023-02-22 16:00:00-07:00,2023-02-22 11:00:00+00:00,2023-02-22 23:00:00+00:00,5.5,0.35
289,2023-02-22 16:00:00-07:00,2023-02-23 04:00:00-07:00,2023-02-22 23:00:00+00:00,2023-02-23 11:00:00+00:00,2.0,0.2
290,2023-02-23 04:00:00-07:00,2023-02-23 16:00:00-07:00,2023-02-23 11:00:00+00:00,2023-02-23 23:00:00+00:00,3.5,0.23
291,2023-02-23 16:00:00-07:00,2023-02-24 04:00:00-07:00,2023-02-23 23:00:00+00:00,2023-02-24 11:00:00+00:00,4.0,0.29
292,2023-02-24 04:00:00-07:00,2023-02-24 16:00:00-07:00,2023-02-24 11:00:00+00:00,2023-02-24 23:00:00+00:00,2.5,0.16
293,2023-02-24 16:00:00-07:00,2023-02-25 04:00:00-07:00,2023-02-24 23:00:00+00:00,2023-02-25 11:00:00+00:00,0.0,0.0
294,2023-02-25 04:00:00-07:00,2023-02-25 16:00:00-07:00,2023-02-25 11:00:00+00:00,2023-02-25 23:00:00+00:00,0.0,0.0
295,2023-02-25 16:00:00-07:00,2023-02-26 04:00:00-07:00,2023-02-25 23:00:00+00:00,2023-02-26 11:00:00+00:00,0.0,0.0
296,2023-02-26 04:00:00-07:00,2023-02-26 16:00:00-07:00,2023-02-26 11:00:00+00:00,2023-02-26 23:00:00+00:00,1.0,0.1
297,2023-02-26 16:00:00-07:00,2023-02-27 04:00:00-07:00,2023-02-26 23:00:00+00:00,2023-02-27 11:00:00+00:00,5.999999999999999,0.3
298,2023-02-27 04:00:00-07:00,2023-02-27 16:00:00-07:00,2023-02-27 11:00:00+00:00,2023-02-27 23:00:00+00:00,3.5,0.2
299,2023-02-27 16:00:00-07:00,2023-02-28 04:00:00-07:00,2023-02-27 23:00:00+00:00,2023-02-28 11:00:00+00:00,20.0,1.95
300,2023-02-28 04:00:00-07:00,2023-02-28 16:00:00-07:00,2023-02-28 11:00:00+00:00,2023-02-28 23:00:00+00:00,3.5,0.2
301,2023-02-28 16:00:00-07:00,2023-03-01 04:00:00-07:00,2023-02-28 23:00:00+00:00,2023-03-01 11:00:00+00:00,3.5,0.2
302,2023-03-01 04:00:00-07:00,2023-03-01 16:00:00-07:00,2023-03-01 11:00:00+00:00,2023-03-01 23:00:00+00:00,4.5,0.33
303,2023-03-01 16:00:00-07:00,2023-03-02 04:00:00-07:00,2023-03-01 23:00:00+00:00,2023-03-02 11:00:00+00:00,1.4999999999999998,0.04
304,2023-03-02 04:00:00-07:00,2023-03-02 16:00:00-07:00,2023-03-02 11:00:00+00:00,2023-03-02 23:00:00+00:00,1.4999999999999998,0.04
305,2023-03-02 16:00:00-07:00,2023-03-03 04:00:00-07:00,2023-03-02 23:00:00+00:00,2023-03-03 11:00:00+00:00,1.0,0.07
306,2023-03-03 04:00:00-07:00,2023-03-03 16:00:00-07:00,2023-03-03 11:00:00+00:00,2023-03-03 23:00:00+00:00,5.0,0.1799999999999999
307,2023-03-03 16:00:00-07:00,2023-03-04 04:00:00-07:00,2023-03-03 23:00:00+00:00,2023-03-04 11:00:00+00:00,1.0,0.04
308,2023-03-04 04:00:00-07:00,2023-03-04 16:00:00-07:00,2023-03-04 11:00:00+00:00,2023-03-04 23:00:00+00:00,2.0,0.15
309,2023-03-04 16:00:00-07:00,2023-03-05 04:00:00-07:00,2023-03-04 23:00:00+00:00,2023-03-05 11:00:00+00:00,21.0,1.4
310,2023-03-05 04:00:00-07:00,2023-03-05 16:00:00-07:00,2023-03-05 11:00:00+00:00,2023-03-05 23:00:00+00:00,4.5,0.25
311,2023-03-05 16:00:00-07:00,2023-03-06 04:00:00-07:00,2023-03-05 23:00:00+00:00,2023-03-06 11:00:00+00:00,15.0,0.91
312,2023-03-06 04:00:00-07:00,2023-03-06 16:00:00-07:00,2023-03-06 11:00:00+00:00,2023-03-06 23:00:00+00:00,2.0,0.15
313,2023-03-06 16:00:00-07:00,2023-03-07 04:00:00-07:00,2023-03-06 23:00:00+00:00,2023-03-07 11:00:00+00:00,1.0,0.05
314,2023-03-07 04:00:00-07:00,2023-03-07 16:00:00-07:00,2023-03-07 11:00:00+00:00,2023-03-07 23:00:00+00:00,0.0,0.0
315,2023-03-07 16:00:00-07:00,2023-03-08 04:00:00-07:00,2023-03-07 23:00:00+00:00,2023-03-08 11:00:00+00:00,0.0,0.0
316,2023-03-08 04:00:00-07:00,2023-03-08 16:00:00-07:00,2023-03-08 11:00:00+00:00,2023-03-08 23:00:00+00:00,2.5,0.17
317,2023-03-08 16:00:00-07:00,2023-03-09 04:00:00-07:00,2023-03-08 23:00:00+00:00,2023-03-09 11:00:00+00:00,7.5,0.4
318,2023-03-09 04:00:00-07:00,2023-03-09 16:00:00-07:00,2023-03-09 11:00:00+00:00,2023-03-09 23:00:00+00:00,0.0,0.0
319,2023-03-09 16:00:00-07:00,2023-03-10 04:00:00-07:00,2023-03-09 23:00:00+00:00,2023-03-10 11:00:00+00:00,1.4999999999999998,0.21
320,2023-03-10 04:00:00-07:00,2023-03-10 16:00:00-07:00,2023-03-10 11:00:00+00:00,2023-03-10 23:00:00+00:00,0.5,0.1
321,2023-03-10 16:00:00-07:00,2023-03-11 04:00:00-07:00,2023-03-10 23:00:00+00:00,2023-03-11 11:00:00+00:00,5.999999999999999,1.05
322,2023-03-11 04:00:00-07:00,2023-03-11 16:00:00-07:00,2023-03-11 11:00:00+00:00,2023-03-11 23:00:00+00:00,0.0,0.0
323,2023-03-11 16:00:00-07:00,2023-03-12 04:00:00-06:00,2023-03-11 23:00:00+00:00,2023-03-12 10:00:00+00:00,1.0,0.1
324,2023-03-12 04:00:00-06:00,2023-03-12 16:00:00-06:00,2023-03-12 10:00:00+00:00,2023-03-12 22:00:00+00:00,3.0,0.35
325,2023-03-12 16:00:00-06:00,2023-03-13 04:00:00-06:00,2023-03-12 22:00:00+00:00,2023-03-13 10:00:00+00:00,1.0,0.1
326,2023-03-13 04:00:00-06:00,2023-03-13 16:00:00-06:00,2023-03-13 10:00:00+00:00,2023-03-13 22:00:00+00:00,0.0,0.0
327,2023-03-13 16:00:00-06:00,2023-03-14 04:00:00-06:00,2023-03-13 22:00:00+00:00,2023-03-14 10:00:00+00:00,0.5,0.08
328,2023-03-14 04:00:00-06:00,2023-03-14 16:00:00-06:00,2023-03-14 10:00:00+00:00,2023-03-14 22:00:00+00:00,0.0,0.0
329,2023-03-14 16:00:00-06:00,2023-03-15 04:00:00-06:00,2023-03-14 22:00:00+00:00,2023-03-15 10:00:00+00:00,4.5,0.61
330,2023-03-15 04:00:00-06:00,2023-03-15 16:00:00-06:00,2023-03-15 10:00:00+00:00,2023-03-15 22:00:00+00:00,11.5,1.5600000000000005
331,2023-03-15 16:00:00-06:00,2023-03-16 04:00:00-06:00,2023-03-15 22:00:00+00:00,2023-03-16 10:00:00+00:00,0.5,0.04
332,2023-03-16 04:00:00-06:00,2023-03-16 16:00:00-06:00,2023-03-16 10:00:00+00:00,2023-03-16 22:00:00+00:00,0.0,0.0
333,2023-03-16 16:00:00-06:00,2023-03-17 04:00:00-06:00,2023-03-16 22:00:00+00:00,2023-03-17 10:00:00+00:00,0.0,0.0
334,2023-03-17 04:00:00-06:00,2023-03-17 16:00:00-06:00,2023-03-17 10:00:00+00:00,2023-03-17 22:00:00+00:00,0.0,0.0
335,2023-03-17 16:00:00-06:00,2023-03-18 04:00:00-06:00,2023-03-17 22:00:00+00:00,2023-03-18 10:00:00+00:00,0.0,0.0
336,2023-03-18 04:00:00-06:00,2023-03-18 16:00:00-06:00,2023-03-18 10:00:00+00:00,2023-03-18 22:00:00+00:00,0.0,0.0
337,2023-03-18 16:00:00-06:00,2023-03-19 04:00:00-06:00,2023-03-18 22:00:00+00:00,2023-03-19 10:00:00+00:00,0.0,0.0
338,2023-03-19 04:00:00-06:00,2023-03-19 16:00:00-06:00,2023-03-19 10:00:00+00:00,2023-03-19 22:00:00+00:00,0.0,0.0
339,2023-03-19 16:00:00-06:00,2023-03-20 04:00:00-06:00,2023-03-19 22:00:00+00:00,2023-03-20 10:00:00+00:00,5.0,0.3400000000000001
340,2023-03-20 04:00:00-06:00,2023-03-20 16:00:00-06:00,2023-03-20 10:00:00+00:00,2023-03-20 22:00:00+00:00,5.999999999999999,0.55
341,2023-03-20 16:00:00-06:00,2023-03-21 04:00:00-06:00,2023-03-20 22:00:00+00:00,2023-03-21 10:00:00+00:00,3.5,0.25
342,2023-03-21 04:00:00-06:00,2023-03-21 16:00:00-06:00,2023-03-21 10:00:00+00:00,2023-03-21 22:00:00+00:00,0.0,0.0
343,2023-03-21 16:00:00-06:00,2023-03-22 04:00:00-06:00,2023-03-21 22:00:00+00:00,2023-03-22 10:00:00+00:00,7.0,0.8199999999999998
344,2023-03-22 04:00:00-06:00,2023-03-22 16:00:00-06:00,2023-03-22 10:00:00+00:00,2023-03-22 22:00:00+00:00,9.5,0.7499999999999999
345,2023-03-22 16:00:00-06:00,2023-03-23 04:00:00-06:00,2023-03-22 22:00:00+00:00,2023-03-23 10:00:00+00:00,4.5,0.31
346,2023-03-23 04:00:00-06:00,2023-03-23 16:00:00-06:00,2023-03-23 10:00:00+00:00,2023-03-23 22:00:00+00:00,4.0,0.28
347,2023-03-23 16:00:00-06:00,2023-03-24 04:00:00-06:00,2023-03-23 22:00:00+00:00,2023-03-24 10:00:00+00:00,1.4999999999999998,0.16
348,2023-03-24 04:00:00-06:00,2023-03-24 16:00:00-06:00,2023-03-24 10:00:00+00:00,2023-03-24 22:00:00+00:00,19.0,1.04
349,2023-03-24 16:00:00-06:00,2023-03-25 04:00:00-06:00,2023-03-24 22:00:00+00:00,2023-03-25 10:00:00+00:00,5.999999999999999,0.5
350,2023-03-25 04:00:00-06:00,2023-03-25 16:00:00-06:00,2023-03-25 10:00:00+00:00,2023-03-25 22:00:00+00:00,3.0,0.25
351,2023-03-25 16:00:00-06:00,2023-03-26 04:00:00-06:00,2023-03-25 22:00:00+00:00,2023-03-26 10:00:00+00:00,1.0,0.1
352,2023-03-26 04:00:00-06:00,2023-03-26 16:00:00-06:00,2023-03-26 10:00:00+00:00,2023-03-26 22:00:00+00:00,1.4999999999999998,0.1
353,2023-03-26 16:00:00-06:00,2023-03-27 04:00:00-06:00,2023-03-26 22:00:00+00:00,2023-03-27 10:00:00+00:00,4.0,0.24
354,2023-03-27 04:00:00-06:00,2023-03-27 16:00:00-06:00,2023-03-27 10:00:00+00:00,2023-03-27 22:00:00+00:00,6.5,0.4
355,2023-03-27 16:00:00-06:00,2023-03-28 04:00:00-06:00,2023-03-27 22:00:00+00:00,2023-03-28 10:00:00+00:00,0.0,0.0
356,2023-03-28 04:00:00-06:00,2023-03-28 16:00:00-06:00,2023-03-28 10:00:00+00:00,2023-03-28 22:00:00+00:00,0.0,0.0
357,2023-03-28 16:00:00-06:00,2023-03-29 04:00:00-06:00,2023-03-28 22:00:00+00:00,2023-03-29 10:00:00+00:00,0.0,0.0
358,2023-03-29 04:00:00-06:00,2023-03-29 16:00:00-06:00,2023-03-29 10:00:00+00:00,2023-03-29 22:00:00+00:00,1.0,0.05
359,2023-03-29 16:00:00-06:00,2023-03-30 04:00:00-06:00,2023-03-29 22:00:00+00:00,2023-03-30 10:00:00+00:00,14.0,1.04
360,2023-03-30 04:00:00-06:00,2023-03-30 16:00:00-06:00,2023-03-30 10:00:00+00:00,2023-03-30 22:00:00+00:00,4.0,0.24
361,2023-03-30 16:00:00-06:00,2023-03-31 04:00:00-06:00,2023-03-30 22:00:00+00:00,2023-03-31 10:00:00+00:00,15.0,0.6
362,2023-03-31 04:00:00-06:00,2023-03-31 16:00:00-06:00,2023-03-31 10:00:00+00:00,2023-03-31 22:00:00+00:00,13.0,0.8
363,2023-03-31 16:00:00-06:00,2023-04-01 04:00:00-06:00,2023-03-31 22:00:00+00:00,2023-04-01 10:00:00+00:00,0.0,0.0
364,2023-04-01 04:00:00-06:00,2023-04-01 16:00:00-06:00,2023-04-01 10:00:00+00:00,2023-04-01 22:00:00+00:00,0.0,0.0
365,2023-04-01 16:00:00-06:00,2023-04-02 04:00:00-06:00,2023-04-01 22:00:00+00:00,2023-04-02 10:00:00+00:00,0.0,0.0
366,2023-04-02 04:00:00-06:00,2023-04-02 16:00:00-06:00,2023-04-02 10:00:00+00:00,2023-04-02 22:00:00+00:00,1.0,0.05
367,2023-04-02 16:00:00-06:00,2023-04-03 04:00:00-06:00,2023-04-02 22:00:00+00:00,2023-04-03 10:00:00+00:00,2.0,0.19
368,2023-04-03 04:00:00-06:00,2023-04-03 16:00:00-06:00,2023-04-03 10:00:00+00:00,2023-04-03 22:00:00+00:00,11.0,0.7
369,2023-04-03 16:00:00-06:00,2023-04-04 04:00:00-06:00,2023-04-03 22:00:00+00:00,2023-04-04 10:00:00+00:00,20.0,1.07
370,2023-04-04 04:00:00-06:00,2023-04-04 16:00:00-06:00,2023-04-04 10:00:00+00:00,2023-04-04 22:00:00+00:00,11.999999999999998,0.64
371,2023-04-04 16:00:00-06:00,2023-04-05 04:00:00-06:00,2023-04-04 22:00:00+00:00,2023-04-05 10:00:00+00:00,16.5,0.8
372,2023-04-05 04:00:00-06:00,2023-04-05 16:00:00-06:00,2023-04-05 10:00:00+00:00,2023-04-05 22:00:00+00:00,4.0,0.14
373,2023-04-05 16:00:00-06:00,2023-04-06 04:00:00-06:00,2023-04-05 22:00:00+00:00,2023-04-06 10:00:00+00:00,0.0,0.0
374,2023-04-06 04:00:00-06:00,2023-04-06 16:00:00-06:00,2023-04-06 10:00:00+00:00,2023-04-06 22:00:00+00:00,0.0,0.0
375,2023-04-06 16:00:00-06:00,2023-04-07 04:00:00-06:00,2023-04-06 22:00:00+00:00,2023-04-07 10:00:00+00:00,0.0,0.0
376,2023-04-07 04:00:00-06:00,2023-04-07 16:00:00-06:00,2023-04-07 10:00:00+00:00,2023-04-07 22:00:00+00:00,0.0,0.0
377,2023-04-07 16:00:00-06:00,2023-04-08 04:00:00-06:00,2023-04-07 22:00:00+00:00,2023-04-08 10:00:00+00:00,0.0,0.0
378,2023-04-08 04:00:00-06:00,2023-04-08 16:00:00-06:00,2023-04-08 10:00:00+00:00,2023-04-08 22:00:00+00:00,0.0,0.0
379,2023-04-08 16:00:00-06:00,2023-04-09 04:00:00-06:00,2023-04-08 22:00:00+00:00,2023-04-09 10:00:00+00:00,0.0,0.0
380,2023-04-09 04:00:00-06:00,2023-04-09 16:00:00-06:00,2023-04-09 10:00:00+00:00,2023-04-09 22:00:00+00:00,0.0,0.0
381,2023-04-09 16:00:00-06:00,2023-04-10 04:00:00-06:00,2023-04-09 22:00:00+00:00,2023-04-10 10:00:00+00:00,0.0,0.0
382,2023-04-10 04:00:00-06:00,2023-04-10 16:00:00-06:00,2023-04-10 10:00:00+00:00,2023-04-10 22:00:00+00:00,0.0,0.0
383,2023-04-10 16:00:00-06:00,2023-04-11 04:00:00-06:00,2023-04-10 22:00:00+00:00,2023-04-11 10:00:00+00:00,0.0,0.0
384,2023-04-11 04:00:00-06:00,2023-04-11 16:00:00-06:00,2023-04-11 10:00:00+00:00,2023-04-11 22:00:00+00:00,0.0,0.0
385,2023-04-11 16:00:00-06:00,2023-04-12 04:00:00-06:00,2023-04-11 22:00:00+00:00,2023-04-12 10:00:00+00:00,0.0,0.0
386,2023-04-12 04:00:00-06:00,2023-04-12 16:00:00-06:00,2023-04-12 10:00:00+00:00,2023-04-12 22:00:00+00:00,0.0,0.0
387,2023-04-12 16:00:00-06:00,2023-04-13 04:00:00-06:00,2023-04-12 22:00:00+00:00,2023-04-13 10:00:00+00:00,0.0,0.0
388,2023-04-13 04:00:00-06:00,2023-04-13 16:00:00-06:00,2023-04-13 10:00:00+00:00,2023-04-13 22:00:00+00:00,0.0,0.04
389,2023-04-13 16:00:00-06:00,2023-04-14 04:00:00-06:00,2023-04-13 22:00:00+00:00,2023-04-14 10:00:00+00:00,0.0,0.0
390,2023-04-14 04:00:00-06:00,2023-04-14 16:00:00-06:00,2023-04-14 10:00:00+00:00,2023-04-14 22:00:00+00:00,1.4999999999999998,0.1799999999999999
391,2023-04-14 16:00:00-06:00,2023-04-15 04:00:00-06:00,2023-04-14 22:00:00+00:00,2023-04-15 10:00:00+00:00,0.5,0.04
392,2023-04-15 04:00:00-06:00,2023-04-15 16:00:00-06:00,2023-04-15 10:00:00+00:00,2023-04-15 22:00:00+00:00,0.0,0.0
393,2023-04-15 16:00:00-06:00,2023-04-16 04:00:00-06:00,2023-04-15 22:00:00+00:00,2023-04-16 10:00:00+00:00,0.0,0.0
394,2023-04-16 04:00:00-06:00,2023-04-16 16:00:00-06:00,2023-04-16 10:00:00+00:00,2023-04-16 22:00:00+00:00,0.0,0.0
395,2023-04-16 16:00:00-06:00,2023-04-17 04:00:00-06:00,2023-04-16 22:00:00+00:00,2023-04-17 10:00:00+00:00,0.0,0.0
396,2023-04-17 04:00:00-06:00,2023-04-17 16:00:00-06:00,2023-04-17 10:00:00+00:00,2023-04-17 22:00:00+00:00,0.0,0.0
397,2023-04-17 16:00:00-06:00,2023-04-18 04:00:00-06:00,2023-04-17 22:00:00+00:00,2023-04-18 10:00:00+00:00,0.0,0.0
398,2023-04-18 04:00:00-06:00,2023-04-18 16:00:00-06:00,2023-04-18 10:00:00+00:00,2023-04-18 22:00:00+00:00,3.0,0.33
399,2023-04-18 16:00:00-06:00,2023-04-19 04:00:00-06:00,2023-04-18 22:00:00+00:00,2023-04-19 10:00:00+00:00,2.0,0.14
400,2023-04-19 04:00:00-06:00,2023-04-19 16:00:00-06:00,2023-04-19 10:00:00+00:00,2023-04-19 22:00:00+00:00,0.0,0.0
401,2023-04-19 16:00:00-06:00,2023-04-20 04:00:00-06:00,2023-04-19 22:00:00+00:00,2023-04-20 10:00:00+00:00,0.0,0.0
402,2023-04-20 04:00:00-06:00,2023-04-20 16:00:00-06:00,2023-04-20 10:00:00+00:00,2023-04-20 22:00:00+00:00,2.5,0.11
403,2023-04-20 16:00:00-06:00,2023-04-21 04:00:00-06:00,2023-04-20 22:00:00+00:00,2023-04-21 10:00:00+00:00,0.0,0.0
404,2023-04-21 04:00:00-06:00,2023-04-21 16:00:00-06:00,2023-04-21 10:00:00+00:00,2023-04-21 22:00:00+00:00,2.0,0.21
405,2023-04-21 16:00:00-06:00,2023-04-22 04:00:00-06:00,2023-04-21 22:00:00+00:00,2023-04-22 10:00:00+00:00,4.0,0.56
406,2023-04-22 04:00:00-06:00,2023-04-22 16:00:00-06:00,2023-04-22 10:00:00+00:00,2023-04-22 22:00:00+00:00,0.5,0.05
407,2023-04-22 16:00:00-06:00,2023-04-23 04:00:00-06:00,2023-04-22 22:00:00+00:00,2023-04-23 10:00:00+00:00,0.0,0.0
408,2023-04-23 04:00:00-06:00,2023-04-23 16:00:00-06:00,2023-04-23 10:00:00+00:00,2023-04-23 22:00:00+00:00,0.0,0.0
409,2023-04-23 16:00:00-06:00,2023-04-24 04:00:00-06:00,2023-04-23 22:00:00+00:00,2023-04-24 10:00:00+00:00,0.0,0.0
410,2023-04-24 04:00:00-06:00,2023-04-24 16:00:00-06:00,2023-04-24 10:00:00+00:00,2023-04-24 22:00:00+00:00,1.4999999999999998,0.19
411,2023-04-24 16:00:00-06:00,2023-04-25 04:00:00-06:00,2023-04-24 22:00:00+00:00,2023-04-25 10:00:00+00:00,5.999999999999999,0.63
412,2023-04-25 04:00:00-06:00,2023-04-25 16:00:00-06:00,2023-04-25 10:00:00+00:00,2023-04-25 22:00:00+00:00,2.0,0.1799999999999999
413,2023-04-25 16:00:00-06:00,2023-04-26 04:00:00-06:00,2023-04-25 22:00:00+00:00,2023-04-26 10:00:00+00:00,0.0,0.0
414,2023-04-26 04:00:00-06:00,2023-04-26 16:00:00-06:00,2023-04-26 10:00:00+00:00,2023-04-26 22:00:00+00:00,0.0,0.0
415,2023-04-26 16:00:00-06:00,2023-04-27 04:00:00-06:00,2023-04-26 22:00:00+00:00,2023-04-27 10:00:00+00:00,0.0,0.0
416,2023-04-27 04:00:00-06:00,2023-04-27 16:00:00-06:00,2023-04-27 10:00:00+00:00,2023-04-27 22:00:00+00:00,0.0,0.0
417,2023-04-27 16:00:00-06:00,2023-04-28 04:00:00-06:00,2023-04-27 22:00:00+00:00,2023-04-28 10:00:00+00:00,0.0,0.0
418,2023-04-28 04:00:00-06:00,2023-04-28 16:00:00-06:00,2023-04-28 10:00:00+00:00,2023-04-28 22:00:00+00:00,0.0,0.0
419,2023-04-28 16:00:00-06:00,2023-04-29 04:00:00-06:00,2023-04-28 22:00:00+00:00,2023-04-29 10:00:00+00:00,0.0,0.0
420,2023-04-29 04:00:00-06:00,2023-04-29 16:00:00-06:00,2023-04-29 10:00:00+00:00,2023-04-29 22:00:00+00:00,0.0,0.0
421,2023-04-29 16:00:00-06:00,2023-04-30 04:00:00-06:00,2023-04-29 22:00:00+00:00,2023-04-30 10:00:00+00:00,0.0,0.0
422,2023-04-30 04:00:00-06:00,2023-04-30 16:00:00-06:00,2023-04-30 10:00:00+00:00,2023-04-30 22:00:00+00:00,0.0,0.0
423,2023-04-30 16:00:00-06:00,2023-05-01 04:00:00-06:00,2023-04-30 22:00:00+00:00,2023-05-01 10:00:00+00:00,0.0,0.0
424,2023-10-01 04:00:00-06:00,2023-10-01 16:00:00-06:00,2023-10-01 10:00:00+00:00,2023-10-01 22:00:00+00:00,1.0,0.18
425,2023-10-01 16:00:00-06:00,2023-10-02 04:00:00-06:00,2023-10-01 22:00:00+00:00,2023-10-02 10:00:00+00:00,1.5,0.18
426,2023-10-02 04:00:00-06:00,2023-10-02 16:00:00-06:00,2023-10-02 10:00:00+00:00,2023-10-02 22:00:00+00:00,3.5,0.42
427,2023-10-02 16:00:00-06:00,2023-10-03 04:00:00-06:00,2023-10-02 22:00:00+00:00,2023-10-03 10:00:00+00:00,0.0,0.04
428,2023-10-03 04:00:00-06:00,2023-10-03 16:00:00-06:00,2023-10-03 10:00:00+00:00,2023-10-03 22:00:00+00:00,0.0,0.0
429,2023-10-03 16:00:00-06:00,2023-10-04 04:00:00-06:00,2023-10-03 22:00:00+00:00,2023-10-04 10:00:00+00:00,1.0,0.25
430,2023-10-04 04:00:00-06:00,2023-10-04 16:00:00-06:00,2023-10-04 10:00:00+00:00,2023-10-04 22:00:00+00:00,0.5,0.13
431,2023-10-04 16:00:00-06:00,2023-10-05 04:00:00-06:00,2023-10-04 22:00:00+00:00,2023-10-05 10:00:00+00:00,0.0,0.0
432,2023-10-05 04:00:00-06:00,2023-10-05 16:00:00-06:00,2023-10-05 10:00:00+00:00,2023-10-05 22:00:00+00:00,0.0,0.0
433,2023-10-05 16:00:00-06:00,2023-10-06 04:00:00-06:00,2023-10-05 22:00:00+00:00,2023-10-06 10:00:00+00:00,0.0,0.0
434,2023-10-06 04:00:00-06:00,2023-10-06 16:00:00-06:00,2023-10-06 10:00:00+00:00,2023-10-06 22:00:00+00:00,0.0,0.0
435,2023-10-06 16:00:00-06:00,2023-10-07 04:00:00-06:00,2023-10-06 22:00:00+00:00,2023-10-07 10:00:00+00:00,0.0,0.0
436,2023-10-07 04:00:00-06:00,2023-10-07 16:00:00-06:00,2023-10-07 10:00:00+00:00,2023-10-07 22:00:00+00:00,0.0,0.0
437,2023-10-07 16:00:00-06:00,2023-10-08 04:00:00-06:00,2023-10-07 22:00:00+00:00,2023-10-08 10:00:00+00:00,0.0,0.0
438,2023-10-08 04:00:00-06:00,2023-10-08 16:00:00-06:00,2023-10-08 10:00:00+00:00,2023-10-08 22:00:00+00:00,0.0,0.0
439,2023-10-08 16:00:00-06:00,2023-10-09 04:00:00-06:00,2023-10-08 22:00:00+00:00,2023-10-09 10:00:00+00:00,0.0,0.0
440,2023-10-09 04:00:00-06:00,2023-10-09 16:00:00-06:00,2023-10-09 10:00:00+00:00,2023-10-09 22:00:00+00:00,0.0,0.0
441,2023-10-09 16:00:00-06:00,2023-10-10 04:00:00-06:00,2023-10-09 22:00:00+00:00,2023-10-10 10:00:00+00:00,0.0,0.0
442,2023-10-10 04:00:00-06:00,2023-10-10 16:00:00-06:00,2023-10-10 10:00:00+00:00,2023-10-10 22:00:00+00:00,0.0,0.0
443,2023-10-10 16:00:00-06:00,2023-10-11 04:00:00-06:00,2023-10-10 22:00:00+00:00,2023-10-11 10:00:00+00:00,0.0,0.0
444,2023-10-11 04:00:00-06:00,2023-10-11 16:00:00-06:00,2023-10-11 10:00:00+00:00,2023-10-11 22:00:00+00:00,2.0,0.47
445,2023-10-11 16:00:00-06:00,2023-10-12 04:00:00-06:00,2023-10-11 22:00:00+00:00,2023-10-12 10:00:00+00:00,7.0,1.05
446,2023-10-12 04:00:00-06:00,2023-10-12 16:00:00-06:00,2023-10-12 10:00:00+00:00,2023-10-12 22:00:00+00:00,4.5,0.65
447,2023-10-12 16:00:00-06:00,2023-10-13 04:00:00-06:00,2023-10-12 22:00:00+00:00,2023-10-13 10:00:00+00:00,0.0,0.03
448,2023-10-13 04:00:00-06:00,2023-10-13 16:00:00-06:00,2023-10-13 10:00:00+00:00,2023-10-13 22:00:00+00:00,0.0,0.0
449,2023-10-13 16:00:00-06:00,2023-10-14 04:00:00-06:00,2023-10-13 22:00:00+00:00,2023-10-14 10:00:00+00:00,0.0,0.0
450,2023-10-14 04:00:00-06:00,2023-10-14 16:00:00-06:00,2023-10-14 10:00:00+00:00,2023-10-14 22:00:00+00:00,0.0,0.0
451,2023-10-14 16:00:00-06:00,2023-10-15 04:00:00-06:00,2023-10-14 22:00:00+00:00,2023-10-15 10:00:00+00:00,0.0,0.0
452,2023-10-15 04:00:00-06:00,2023-10-15 16:00:00-06:00,2023-10-15 10:00:00+00:00,2023-10-15 22:00:00+00:00,0.0,0.0
453,2023-10-15 16:00:00-06:00,2023-10-16 04:00:00-06:00,2023-10-15 22:00:00+00:00,2023-10-16 10:00:00+00:00,0.0,0.0
454,2023-10-16 04:00:00-06:00,2023-10-16 16:00:00-06:00,2023-10-16 10:00:00+00:00,2023-10-16 22:00:00+00:00,0.0,0.0
455,2023-10-16 16:00:00-06:00,2023-10-17 04:00:00-06:00,2023-10-16 22:00:00+00:00,2023-10-17 10:00:00+00:00,0.0,0.0
456,2023-10-17 04:00:00-06:00,2023-10-17 16:00:00-06:00,2023-10-17 10:00:00+00:00,2023-10-17 22:00:00+00:00,0.0,0.0
457,2023-10-17 16:00:00-06:00,2023-10-18 04:00:00-06:00,2023-10-17 22:00:00+00:00,2023-10-18 10:00:00+00:00,0.0,0.0
458,2023-10-18 04:00:00-06:00,2023-10-18 16:00:00-06:00,2023-10-18 10:00:00+00:00,2023-10-18 22:00:00+00:00,0.0,0.0
459,2023-10-18 16:00:00-06:00,2023-10-19 04:00:00-06:00,2023-10-18 22:00:00+00:00,2023-10-19 10:00:00+00:00,0.0,0.0
460,2023-10-19 04:00:00-06:00,2023-10-19 16:00:00-06:00,2023-10-19 10:00:00+00:00,2023-10-19 22:00:00+00:00,0.0,0.0
461,2023-10-19 16:00:00-06:00,2023-10-20 04:00:00-06:00,2023-10-19 22:00:00+00:00,2023-10-20 10:00:00+00:00,0.0,0.0
462,2023-10-20 04:00:00-06:00,2023-10-20 16:00:00-06:00,2023-10-20 10:00:00+00:00,2023-10-20 22:00:00+00:00,0.0,0.0
463,2023-10-20 16:00:00-06:00,2023-10-21 04:00:00-06:00,2023-10-20 22:00:00+00:00,2023-10-21 10:00:00+00:00,0.0,0.0
464,2023-10-21 04:00:00-06:00,2023-10-21 16:00:00-06:00,2023-10-21 10:00:00+00:00,2023-10-21 22:00:00+00:00,0.0,0.0
465,2023-10-21 16:00:00-06:00,2023-10-22 04:00:00-06:00,2023-10-21 22:00:00+00:00,2023-10-22 10:00:00+00:00,0.0,0.0
466,2023-10-22 04:00:00-06:00,2023-10-22 16:00:00-06:00,2023-10-22 10:00:00+00:00,2023-10-22 22:00:00+00:00,0.0,0.0
467,2023-10-22 16:00:00-06:00,2023-10-23 04:00:00-06:00,2023-10-22 22:00:00+00:00,2023-10-23 10:00:00+00:00,0.0,0.0
468,2023-10-23 04:00:00-06:00,2023-10-23 16:00:00-06:00,2023-10-23 10:00:00+00:00,2023-10-23 22:00:00+00:00,0.0,0.0
469,2023-10-23 16:00:00-06:00,2023-10-24 04:00:00-06:00,2023-10-23 22:00:00+00:00,2023-10-24 10:00:00+00:00,0.0,0.0
470,2023-10-24 04:00:00-06:00,2023-10-24 16:00:00-06:00,2023-10-24 10:00:00+00:00,2023-10-24 22:00:00+00:00,0.0,0.0
471,2023-10-24 16:00:00-06:00,2023-10-25 04:00:00-06:00,2023-10-24 22:00:00+00:00,2023-10-25 10:00:00+00:00,0.0,0.0
472,2023-10-25 04:00:00-06:00,2023-10-25 16:00:00-06:00,2023-10-25 10:00:00+00:00,2023-10-25 22:00:00+00:00,0.0,0.0
473,2023-10-25 16:00:00-06:00,2023-10-26 04:00:00-06:00,2023-10-25 22:00:00+00:00,2023-10-26 10:00:00+00:00,0.0,0.0
474,2023-10-26 04:00:00-06:00,2023-10-26 16:00:00-06:00,2023-10-26 10:00:00+00:00,2023-10-26 22:00:00+00:00,7.5,0.9
475,2023-10-26 16:00:00-06:00,2023-10-27 04:00:00-06:00,2023-10-26 22:00:00+00:00,2023-10-27 10:00:00+00:00,0.0,0.0
476,2023-10-27 04:00:00-06:00,2023-10-27 16:00:00-06:00,2023-10-27 10:00:00+00:00,2023-10-27 22:00:00+00:00,0.0,0.0
477,2023-10-27 16:00:00-06:00,2023-10-28 04:00:00-06:00,2023-10-27 22:00:00+00:00,2023-10-28 10:00:00+00:00,0.0,0.0
478,2023-10-28 04:00:00-06:00,2023-10-28 16:00:00-06:00,2023-10-28 10:00:00+00:00,2023-10-28 22:00:00+00:00,0.0,0.0
479,2023-10-28 16:00:00-06:00,2023-10-29 04:00:00-06:00,2023-10-28 22:00:00+00:00,2023-10-29 10:00:00+00:00,0.5,0.02
480,2023-10-29 04:00:00-06:00,2023-10-29 16:00:00-06:00,2023-10-29 10:00:00+00:00,2023-10-29 22:00:00+00:00,0.0,0.0
481,2023-10-29 16:00:00-06:00,2023-10-30 04:00:00-06:00,2023-10-29 22:00:00+00:00,2023-10-30 10:00:00+00:00,0.0,0.0
482,2023-10-30 04:00:00-06:00,2023-10-30 16:00:00-06:00,2023-10-30 10:00:00+00:00,2023-10-30 22:00:00+00:00,0.0,0.0
483,2023-10-30 16:00:00-06:00,2023-10-31 04:00:00-06:00,2023-10-30 22:00:00+00:00,2023-10-31 10:00:00+00:00,0.0,0.0
484,2023-10-31 04:00:00-06:00,2023-10-31 16:00:00-06:00,2023-10-31 10:00:00+00:00,2023-10-31 22:00:00+00:00,0.0,0.0
485,2023-10-31 16:00:00-06:00,2023-11-01 04:00:00-06:00,2023-10-31 22:00:00+00:00,2023-11-01 10:00:00+00:00,0.0,0.0
486,2023-11-01 04:00:00-06:00,2023-11-01 16:00:00-06:00,2023-11-01 10:00:00+00:00,2023-11-01 22:00:00+00:00,0.0,0.0
487,2023-11-01 16:00:00-06:00,2023-11-02 04:00:00-06:00,2023-11-01 22:00:00+00:00,2023-11-02 10:00:00+00:00,0.0,0.0
488,2023-11-02 04:00:00-06:00,2023-11-02 16:00:00-06:00,2023-11-02 10:00:00+00:00,2023-11-02 22:00:00+00:00,0.0,0.0
489,2023-11-02 16:00:00-06:00,2023-11-03 04:00:00-06:00,2023-11-02 22:00:00+00:00,2023-11-03 10:00:00+00:00,0.0,0.0
490,2023-11-03 04:00:00-06:00,2023-11-03 16:00:00-06:00,2023-11-03 10:00:00+00:00,2023-11-03 22:00:00+00:00,0.0,0.0
491,2023-11-03 16:00:00-06:00,2023-11-04 04:00:00-06:00,2023-11-03 22:00:00+00:00,2023-11-04 10:00:00+00:00,0.0,0.0
492,2023-11-04 04:00:00-06:00,2023-11-04 16:00:00-06:00,2023-11-04 10:00:00+00:00,2023-11-04 22:00:00+00:00,0.0,0.0
493,2023-11-04 16:00:00-06:00,2023-11-05 04:00:00-07:00,2023-11-04 22:00:00+00:00,2023-11-05 11:00:00+00:00,0.0,0.0
494,2023-11-05 04:00:00-07:00,2023-11-05 16:00:00-07:00,2023-11-05 11:00:00+00:00,2023-11-05 23:00:00+00:00,0.0,0.0
495,2023-11-05 16:00:00-07:00,2023-11-06 04:00:00-07:00,2023-11-05 23:00:00+00:00,2023-11-06 11:00:00+00:00,0.0,0.0
496,2023-11-06 04:00:00-07:00,2023-11-06 16:00:00-07:00,2023-11-06 11:00:00+00:00,2023-11-06 23:00:00+00:00,0.0,0.0
497,2023-11-06 16:00:00-07:00,2023-11-07 04:00:00-07:00,2023-11-06 23:00:00+00:00,2023-11-07 11:00:00+00:00,0.0,0.01
498,2023-11-07 04:00:00-07:00,2023-11-07 16:00:00-07:00,2023-11-07 11:00:00+00:00,2023-11-07 23:00:00+00:00,8.0,0.73
499,2023-11-07 16:00:00-07:00,2023-11-08 04:00:00-07:00,2023-11-07 23:00:00+00:00,2023-11-08 11:00:00+00:00,3.0,0.35
500,2023-11-08 04:00:00-07:00,2023-11-08 16:00:00-07:00,2023-11-08 11:00:00+00:00,2023-11-08 23:00:00+00:00,0.0,0.0
501,2023-11-08 16:00:00-07:00,2023-11-09 04:00:00-07:00,2023-11-08 23:00:00+00:00,2023-11-09 11:00:00+00:00,0.0,0.0
502,2023-11-09 04:00:00-07:00,2023-11-09 16:00:00-07:00,2023-11-09 11:00:00+00:00,2023-11-09 23:00:00+00:00,0.0,0.0
503,2023-11-09 16:00:00-07:00,2023-11-10 04:00:00-07:00,2023-11-09 23:00:00+00:00,2023-11-10 11:00:00+00:00,0.0,0.0
504,2023-11-10 04:00:00-07:00,2023-11-10 16:00:00-07:00,2023-11-10 11:00:00+00:00,2023-11-10 23:00:00+00:00,0.0,0.0
505,2023-11-10 16:00:00-07:00,2023-11-11 04:00:00-07:00,2023-11-10 23:00:00+00:00,2023-11-11 11:00:00+00:00,0.0,0.0
506,2023-11-11 04:00:00-07:00,2023-11-11 16:00:00-07:00,2023-11-11 11:00:00+00:00,2023-11-11 23:00:00+00:00,0.0,0.0
507,2023-11-11 16:00:00-07:00,2023-11-12 04:00:00-07:00,2023-11-11 23:00:00+00:00,2023-11-12 11:00:00+00:00,0.0,0.0
508,2023-11-12 04:00:00-07:00,2023-11-12 16:00:00-07:00,2023-11-12 11:00:00+00:00,2023-11-12 23:00:00+00:00,0.0,0.0
509,2023-11-12 16:00:00-07:00,2023-11-13 04:00:00-07:00,2023-11-12 23:00:00+00:00,2023-11-13 11:00:00+00:00,0.0,0.0
510,2023-11-13 04:00:00-07:00,2023-11-13 16:00:00-07:00,2023-11-13 11:00:00+00:00,2023-11-13 23:00:00+00:00,0.0,0.0
511,2023-11-13 16:00:00-07:00,2023-11-14 04:00:00-07:00,2023-11-13 23:00:00+00:00,2023-11-14 11:00:00+00:00,0.0,0.0
512,2023-11-14 04:00:00-07:00,2023-11-14 16:00:00-07:00,2023-11-14 11:00:00+00:00,2023-11-14 23:00:00+00:00,0.0,0.0
513,2023-11-14 16:00:00-07:00,2023-11-15 04:00:00-07:00,2023-11-14 23:00:00+00:00,2023-11-15 11:00:00+00:00,0.0,0.0
514,2023-11-15 04:00:00-07:00,2023-11-15 16:00:00-07:00,2023-11-15 11:00:00+00:00,2023-11-15 23:00:00+00:00,0.0,0.0
515,2023-11-15 16:00:00-07:00,2023-11-16 04:00:00-07:00,2023-11-15 23:00:00+00:00,2023-11-16 11:00:00+00:00,1.0,0.22
516,2023-11-16 04:00:00-07:00,2023-11-16 16:00:00-07:00,2023-11-16 11:00:00+00:00,2023-11-16 23:00:00+00:00,2.5,0.72
517,2023-11-16 16:00:00-07:00,2023-11-17 04:00:00-07:00,2023-11-16 23:00:00+00:00,2023-11-17 11:00:00+00:00,0.0,0.0
518,2023-11-17 04:00:00-07:00,2023-11-17 16:00:00-07:00,2023-11-17 11:00:00+00:00,2023-11-17 23:00:00+00:00,0.0,0.0
519,2023-11-17 16:00:00-07:00,2023-11-18 04:00:00-07:00,2023-11-17 23:00:00+00:00,2023-11-18 11:00:00+00:00,0.0,0.0
520,2023-11-18 04:00:00-07:00,2023-11-18 16:00:00-07:00,2023-11-18 11:00:00+00:00,2023-11-18 23:00:00+00:00,3.0,0.5
521,2023-11-18 16:00:00-07:00,2023-11-19 04:00:00-07:00,2023-11-18 23:00:00+00:00,2023-11-19 11:00:00+00:00,2.0,0.11
522,2023-11-19 04:00:00-07:00,2023-11-19 16:00:00-07:00,2023-11-19 11:00:00+00:00,2023-11-19 23:00:00+00:00,7.5,0.97
523,2023-11-19 16:00:00-07:00,2023-11-20 04:00:00-07:00,2023-11-19 23:00:00+00:00,2023-11-20 11:00:00+00:00,6.0,0.85
524,2023-11-20 04:00:00-07:00,2023-11-20 16:00:00-07:00,2023-11-20 11:00:00+00:00,2023-11-20 23:00:00+00:00,0.0,0.0
525,2023-11-20 16:00:00-07:00,2023-11-21 04:00:00-07:00,2023-11-20 23:00:00+00:00,2023-11-21 11:00:00+00:00,0.0,0.0
526,2023-11-21 04:00:00-07:00,2023-11-21 16:00:00-07:00,2023-11-21 11:00:00+00:00,2023-11-21 23:00:00+00:00,0.0,0.0
527,2023-11-21 16:00:00-07:00,2023-11-22 04:00:00-07:00,2023-11-21 23:00:00+00:00,2023-11-22 11:00:00+00:00,0.0,0.0
528,2023-11-22 04:00:00-07:00,2023-11-22 16:00:00-07:00,2023-11-22 11:00:00+00:00,2023-11-22 23:00:00+00:00,0.0,0.0
529,2023-11-22 16:00:00-07:00,2023-11-23 04:00:00-07:00,2023-11-22 23:00:00+00:00,2023-11-23 11:00:00+00:00,0.0,0.0
530,2023-11-23 04:00:00-07:00,2023-11-23 16:00:00-07:00,2023-11-23 11:00:00+00:00,2023-11-23 23:00:00+00:00,0.0,0.0
531,2023-11-23 16:00:00-07:00,2023-11-24 04:00:00-07:00,2023-11-23 23:00:00+00:00,2023-11-24 11:00:00+00:00,6.0,0.4
532,2023-11-24 04:00:00-07:00,2023-11-24 16:00:00-07:00,2023-11-24 11:00:00+00:00,2023-11-24 23:00:00+00:00,4.0,0.27
533,2023-11-24 16:00:00-07:00,2023-11-25 04:00:00-07:00,2023-11-24 23:00:00+00:00,2023-11-25 11:00:00+00:00,1.0,0.04
534,2023-11-25 04:00:00-07:00,2023-11-25 16:00:00-07:00,2023-11-25 11:00:00+00:00,2023-11-25 23:00:00+00:00,0.5,0.02
535,2023-11-25 16:00:00-07:00,2023-11-26 04:00:00-07:00,2023-11-25 23:00:00+00:00,2023-11-26 11:00:00+00:00,0.0,0.0
536,2023-11-26 04:00:00-07:00,2023-11-26 16:00:00-07:00,2023-11-26 11:00:00+00:00,2023-11-26 23:00:00+00:00,0.0,0.0
537,2023-11-26 16:00:00-07:00,2023-11-27 04:00:00-07:00,2023-11-26 23:00:00+00:00,2023-11-27 11:00:00+00:00,0.0,0.0
538,2023-11-27 04:00:00-07:00,2023-11-27 16:00:00-07:00,2023-11-27 11:00:00+00:00,2023-11-27 23:00:00+00:00,0.0,0.0
539,2023-11-27 16:00:00-07:00,2023-11-28 04:00:00-07:00,2023-11-27 23:00:00+00:00,2023-11-28 11:00:00+00:00,0.0,0.0
540,2023-11-28 04:00:00-07:00,2023-11-28 16:00:00-07:00,2023-11-28 11:00:00+00:00,2023-11-28 23:00:00+00:00,0.0,0.0
541,2023-11-28 16:00:00-07:00,2023-11-29 04:00:00-07:00,2023-11-28 23:00:00+00:00,2023-11-29 11:00:00+00:00,0.0,0.0
542,2023-11-29 04:00:00-07:00,2023-11-29 16:00:00-07:00,2023-11-29 11:00:00+00:00,2023-11-29 23:00:00+00:00,0.0,0.0
543,2023-11-29 16:00:00-07:00,2023-11-30 04:00:00-07:00,2023-11-29 23:00:00+00:00,2023-11-30 11:00:00+00:00,0.0,0.0
544,2023-11-30 04:00:00-07:00,2023-11-30 16:00:00-07:00,2023-11-30 11:00:00+00:00,2023-11-30 23:00:00+00:00,0.0,0.0
545,2023-11-30 16:00:00-07:00,2023-12-01 04:00:00-07:00,2023-11-30 23:00:00+00:00,2023-12-01 11:00:00+00:00,0.0,0.0
546,2023-12-01 04:00:00-07:00,2023-12-01 16:00:00-07:00,2023-12-01 11:00:00+00:00,2023-12-01 23:00:00+00:00,8.5,0.34
547,2023-12-01 16:00:00-07:00,2023-12-02 04:00:00-07:00,2023-12-01 23:00:00+00:00,2023-12-02 11:00:00+00:00,8.0,0.4
548,2023-12-02 04:00:00-07:00,2023-12-02 16:00:00-07:00,2023-12-02 11:00:00+00:00,2023-12-02 23:00:00+00:00,8.0,0.51
549,2023-12-02 16:00:00-07:00,2023-12-03 04:00:00-07:00,2023-12-02 23:00:00+00:00,2023-12-03 11:00:00+00:00,12.0,1.58
550,2023-12-03 04:00:00-07:00,2023-12-03 16:00:00-07:00,2023-12-03 11:00:00+00:00,2023-12-03 23:00:00+00:00,8.0,1.05
551,2023-12-03 16:00:00-07:00,2023-12-04 04:00:00-07:00,2023-12-03 23:00:00+00:00,2023-12-04 11:00:00+00:00,6.0,1.0
552,2023-12-04 04:00:00-07:00,2023-12-04 16:00:00-07:00,2023-12-04 11:00:00+00:00,2023-12-04 23:00:00+00:00,0.5,0.15
553,2023-12-04 16:00:00-07:00,2023-12-05 04:00:00-07:00,2023-12-04 23:00:00+00:00,2023-12-05 11:00:00+00:00,0.0,0.0
554,2023-12-05 04:00:00-07:00,2023-12-05 16:00:00-07:00,2023-12-05 11:00:00+00:00,2023-12-05 23:00:00+00:00,0.0,0.0
555,2023-12-05 16:00:00-07:00,2023-12-06 04:00:00-07:00,2023-12-05 23:00:00+00:00,2023-12-06 11:00:00+00:00,0.0,0.0
556,2023-12-06 04:00:00-07:00,2023-12-06 16:00:00-07:00,2023-12-06 11:00:00+00:00,2023-12-06 23:00:00+00:00,0.0,0.0
557,2023-12-06 16:00:00-07:00,2023-12-07 04:00:00-07:00,2023-12-06 23:00:00+00:00,2023-12-07 11:00:00+00:00,0.0,0.01
558,2023-12-07 04:00:00-07:00,2023-12-07 16:00:00-07:00,2023-12-07 11:00:00+00:00,2023-12-07 23:00:00+00:00,4.5,0.37
559,2023-12-07 16:00:00-07:00,2023-12-08 04:00:00-07:00,2023-12-07 23:00:00+00:00,2023-12-08 11:00:00+00:00,5.0,0.37
560,2023-12-08 04:00:00-07:00,2023-12-08 16:00:00-07:00,2023-12-08 11:00:00+00:00,2023-12-08 23:00:00+00:00,13.0,0.82
561,2023-12-08 16:00:00-07:00,2023-12-09 04:00:00-07:00,2023-12-08 23:00:00+00:00,2023-12-09 11:00:00+00:00,6.0,0.33
562,2023-12-09 04:00:00-07:00,2023-12-09 16:00:00-07:00,2023-12-09 11:00:00+00:00,2023-12-09 23:00:00+00:00,0.0,0.0
563,2023-12-09 16:00:00-07:00,2023-12-10 04:00:00-07:00,2023-12-09 23:00:00+00:00,2023-12-10 11:00:00+00:00,0.0,0.0
564,2023-12-10 04:00:00-07:00,2023-12-10 16:00:00-07:00,2023-12-10 11:00:00+00:00,2023-12-10 23:00:00+00:00,0.0,0.0
565,2023-12-10 16:00:00-07:00,2023-12-11 04:00:00-07:00,2023-12-10 23:00:00+00:00,2023-12-11 11:00:00+00:00,0.0,0.0
566,2023-12-11 04:00:00-07:00,2023-12-11 16:00:00-07:00,2023-12-11 11:00:00+00:00,2023-12-11 23:00:00+00:00,0.0,0.0
567,2023-12-11 16:00:00-07:00,2023-12-12 04:00:00-07:00,2023-12-11 23:00:00+00:00,2023-12-12 11:00:00+00:00,0.0,0.0
568,2023-12-12 04:00:00-07:00,2023-12-12 16:00:00-07:00,2023-12-12 11:00:00+00:00,2023-12-12 23:00:00+00:00,0.0,0.0
569,2023-12-12 16:00:00-07:00,2023-12-13 04:00:00-07:00,2023-12-12 23:00:00+00:00,2023-12-13 11:00:00+00:00,0.0,0.0
570,2023-12-13 04:00:00-07:00,2023-12-13 16:00:00-07:00,2023-12-13 11:00:00+00:00,2023-12-13 23:00:00+00:00,0.0,0.0
571,2023-12-13 16:00:00-07:00,2023-12-14 04:00:00-07:00,2023-12-13 23:00:00+00:00,2023-12-14 11:00:00+00:00,0.0,0.0
572,2023-12-14 04:00:00-07:00,2023-12-14 16:00:00-07:00,2023-12-14 11:00:00+00:00,2023-12-14 23:00:00+00:00,0.0,0.0
573,2023-12-14 16:00:00-07:00,2023-12-15 04:00:00-07:00,2023-12-14 23:00:00+00:00,2023-12-15 11:00:00+00:00,0.0,0.0
574,2023-12-15 04:00:00-07:00,2023-12-15 16:00:00-07:00,2023-12-15 11:00:00+00:00,2023-12-15 23:00:00+00:00,0.0,0.0
575,2023-12-15 16:00:00-07:00,2023-12-16 04:00:00-07:00,2023-12-15 23:00:00+00:00,2023-12-16 11:00:00+00:00,0.0,0.0
576,2023-12-16 04:00:00-07:00,2023-12-16 16:00:00-07:00,2023-12-16 11:00:00+00:00,2023-12-16 23:00:00+00:00,0.0,0.0
577,2023-12-16 16:00:00-07:00,2023-12-17 04:00:00-07:00,2023-12-16 23:00:00+00:00,2023-12-17 11:00:00+00:00,0.0,0.0
578,2023-12-17 04:00:00-07:00,2023-12-17 16:00:00-07:00,2023-12-17 11:00:00+00:00,2023-12-17 23:00:00+00:00,0.0,0.0
579,2023-12-17 16:00:00-07:00,2023-12-18 04:00:00-07:00,2023-12-17 23:00:00+00:00,2023-12-18 11:00:00+00:00,0.0,0.0
580,2023-12-18 04:00:00-07:00,2023-12-18 16:00:00-07:00,2023-12-18 11:00:00+00:00,2023-12-18 23:00:00+00:00,0.0,0.0
581,2023-12-18 16:00:00-07:00,2023-12-19 04:00:00-07:00,2023-12-18 23:00:00+00:00,2023-12-19 11:00:00+00:00,0.0,0.0
582,2023-12-19 04:00:00-07:00,2023-12-19 16:00:00-07:00,2023-12-19 11:00:00+00:00,2023-12-19 23:00:00+00:00,1.5,0.14
583,2023-12-19 16:00:00-07:00,2023-12-20 04:00:00-07:00,2023-12-19 23:00:00+00:00,2023-12-20 11:00:00+00:00,1.0,0.1
584,2023-12-20 04:00:00-07:00,2023-12-20 16:00:00-07:00,2023-12-20 11:00:00+00:00,2023-12-20 23:00:00+00:00,0.0,0.01
585,2023-12-20 16:00:00-07:00,2023-12-21 04:00:00-07:00,2023-12-20 23:00:00+00:00,2023-12-21 11:00:00+00:00,0.0,0.0
586,2023-12-21 04:00:00-07:00,2023-12-21 16:00:00-07:00,2023-12-21 11:00:00+00:00,2023-12-21 23:00:00+00:00,0.0,0.0
587,2023-12-21 16:00:00-07:00,2023-12-22 04:00:00-07:00,2023-12-21 23:00:00+00:00,2023-12-22 11:00:00+00:00,0.0,0.0
588,2023-12-22 04:00:00-07:00,2023-12-22 16:00:00-07:00,2023-12-22 11:00:00+00:00,2023-12-22 23:00:00+00:00,0.0,0.0
589,2023-12-22 16:00:00-07:00,2023-12-23 04:00:00-07:00,2023-12-22 23:00:00+00:00,2023-12-23 11:00:00+00:00,0.0,0.01
590,2023-12-23 04:00:00-07:00,2023-12-23 16:00:00-07:00,2023-12-23 11:00:00+00:00,2023-12-23 23:00:00+00:00,5.0,0.44
591,2023-12-23 16:00:00-07:00,2023-12-24 04:00:00-07:00,2023-12-23 23:00:00+00:00,2023-12-24 11:00:00+00:00,1.0,0.05
592,2023-12-24 04:00:00-07:00,2023-12-24 16:00:00-07:00,2023-12-24 11:00:00+00:00,2023-12-24 23:00:00+00:00,0.0,0.0
593,2023-12-24 16:00:00-07:00,2023-12-25 04:00:00-07:00,2023-12-24 23:00:00+00:00,2023-12-25 11:00:00+00:00,0.0,0.0
594,2023-12-25 04:00:00-07:00,2023-12-25 16:00:00-07:00,2023-12-25 11:00:00+00:00,2023-12-25 23:00:00+00:00,0.0,0.0
595,2023-12-25 16:00:00-07:00,2023-12-26 04:00:00-07:00,2023-12-25 23:00:00+00:00,2023-12-26 11:00:00+00:00,0.0,0.0
596,2023-12-26 04:00:00-07:00,2023-12-26 16:00:00-07:00,2023-12-26 11:00:00+00:00,2023-12-26 23:00:00+00:00,0.0,0.0
597,2023-12-26 16:00:00-07:00,2023-12-27 04:00:00-07:00,2023-12-26 23:00:00+00:00,2023-12-27 11:00:00+00:00,0.0,0.0
598,2023-12-27 04:00:00-07:00,2023-12-27 16:00:00-07:00,2023-12-27 11:00:00+00:00,2023-12-27 23:00:00+00:00,0.0,0.0
599,2023-12-27 16:00:00-07:00,2023-12-28 04:00:00-07:00,2023-12-27 23:00:00+00:00,2023-12-28 11:00:00+00:00,0.0,0.0
600,2023-12-28 04:00:00-07:00,2023-12-28 16:00:00-07:00,2023-12-28 11:00:00+00:00,2023-12-28 23:00:00+00:00,0.0,0.0
601,2023-12-28 16:00:00-07:00,2023-12-29 04:00:00-07:00,2023-12-28 23:00:00+00:00,2023-12-29 11:00:00+00:00,0.0,0.0
602,2023-12-29 04:00:00-07:00,2023-12-29 16:00:00-07:00,2023-12-29 11:00:00+00:00,2023-12-29 23:00:00+00:00,0.0,0.0
603,2023-12-29 16:00:00-07:00,2023-12-30 04:00:00-07:00,2023-12-29 23:00:00+00:00,2023-12-30 11:00:00+00:00,0.0,0.0
604,2023-12-30 04:00:00-07:00,2023-12-30 16:00:00-07:00,2023-12-30 11:00:00+00:00,2023-12-30 23:00:00+00:00,0.0,0.0
605,2023-12-30 16:00:00-07:00,2023-12-31 04:00:00-07:00,2023-12-30 23:00:00+00:00,2023-12-31 11:00:00+00:00,0.0,0.0
606,2023-12-31 04:00:00-07:00,2023-12-31 16:00:00-07:00,2023-12-31 11:00:00+00:00,2023-12-31 23:00:00+00:00,0.0,0.0
607,2023-12-31 16:00:00-07:00,2024-01-01 04:00:00-07:00,2023-12-31 23:00:00+00:00,2024-01-01 11:00:00+00:00,0.0,0.0
608,2024-01-01 04:00:00-07:00,2024-01-01 16:00:00-07:00,2024-01-01 11:00:00+00:00,2024-01-01 23:00:00+00:00,0.0,0.0
609,2024-01-01 16:00:00-07:00,2024-01-02 04:00:00-07:00,2024-01-01 23:00:00+00:00,2024-01-02 11:00:00+00:00,0.0,0.0
610,2024-01-02 04:00:00-07:00,2024-01-02 16:00:00-07:00,2024-01-02 11:00:00+00:00,2024-01-02 23:00:00+00:00,0.0,0.0
611,2024-01-02 16:00:00-07:00,2024-01-03 04:00:00-07:00,2024-01-02 23:00:00+00:00,2024-01-03 11:00:00+00:00,0.0,0.0
612,2024-01-03 04:00:00-07:00,2024-01-03 16:00:00-07:00,2024-01-03 11:00:00+00:00,2024-01-03 23:00:00+00:00,0.0,0.0
613,2024-01-03 16:00:00-07:00,2024-01-04 04:00:00-07:00,2024-01-03 23:00:00+00:00,2024-01-04 11:00:00+00:00,0.0,0.0
614,2024-01-04 04:00:00-07:00,2024-01-04 16:00:00-07:00,2024-01-04 11:00:00+00:00,2024-01-04 23:00:00+00:00,2.0,0.16
615,2024-01-04 16:00:00-07:00,2024-01-05 04:00:00-07:00,2024-01-04 23:00:00+00:00,2024-01-05 11:00:00+00:00,2.0,0.14
616,2024-01-05 04:00:00-07:00,2024-01-05 16:00:00-07:00,2024-01-05 11:00:00+00:00,2024-01-05 23:00:00+00:00,7.5,0.34
617,2024-01-05 16:00:00-07:00,2024-01-06 04:00:00-07:00,2024-01-05 23:00:00+00:00,2024-01-06 11:00:00+00:00,3.5,0.18
618,2024-01-06 04:00:00-07:00,2024-01-06 16:00:00-07:00,2024-01-06 11:00:00+00:00,2024-01-06 23:00:00+00:00,1.0,0.04
619,2024-01-06 16:00:00-07:00,2024-01-07 04:00:00-07:00,2024-01-06 23:00:00+00:00,2024-01-07 11:00:00+00:00,4.5,0.35
620,2024-01-07 04:00:00-07:00,2024-01-07 16:00:00-07:00,2024-01-07 11:00:00+00:00,2024-01-07 23:00:00+00:00,7.0,0.25
621,2024-01-07 16:00:00-07:00,2024-01-08 04:00:00-07:00,2024-01-07 23:00:00+00:00,2024-01-08 11:00:00+00:00,3.0,0.15
622,2024-01-08 04:00:00-07:00,2024-01-08 16:00:00-07:00,2024-01-08 11:00:00+00:00,2024-01-08 23:00:00+00:00,0.0,0.04
623,2024-01-08 16:00:00-07:00,2024-01-09 04:00:00-07:00,2024-01-08 23:00:00+00:00,2024-01-09 11:00:00+00:00,0.0,0.0
624,2024-01-09 04:00:00-07:00,2024-01-09 16:00:00-07:00,2024-01-09 11:00:00+00:00,2024-01-09 23:00:00+00:00,1.0,0.07
625,2024-01-09 16:00:00-07:00,2024-01-10 04:00:00-07:00,2024-01-09 23:00:00+00:00,2024-01-10 11:00:00+00:00,11.0,0.85
626,2024-01-10 04:00:00-07:00,2024-01-10 16:00:00-07:00,2024-01-10 11:00:00+00:00,2024-01-10 23:00:00+00:00,3.5,0.24
627,2024-01-10 16:00:00-07:00,2024-01-11 04:00:00-07:00,2024-01-10 23:00:00+00:00,2024-01-11 11:00:00+00:00,11.0,0.66
628,2024-01-11 04:00:00-07:00,2024-01-11 16:00:00-07:00,2024-01-11 11:00:00+00:00,2024-01-11 23:00:00+00:00,4.0,0.27
629,2024-01-11 16:00:00-07:00,2024-01-12 04:00:00-07:00,2024-01-11 23:00:00+00:00,2024-01-12 11:00:00+00:00,5.5,0.44
630,2024-01-12 04:00:00-07:00,2024-01-12 16:00:00-07:00,2024-01-12 11:00:00+00:00,2024-01-12 23:00:00+00:00,2.0,0.15
631,2024-01-12 16:00:00-07:00,2024-01-13 04:00:00-07:00,2024-01-12 23:00:00+00:00,2024-01-13 11:00:00+00:00,7.0,0.74
632,2024-01-13 04:00:00-07:00,2024-01-13 16:00:00-07:00,2024-01-13 11:00:00+00:00,2024-01-13 23:00:00+00:00,3.0,0.12
633,2024-01-13 16:00:00-07:00,2024-01-14 04:00:00-07:00,2024-01-13 23:00:00+00:00,2024-01-14 11:00:00+00:00,18.0,1.86
634,2024-01-14 04:00:00-07:00,2024-01-14 16:00:00-07:00,2024-01-14 11:00:00+00:00,2024-01-14 23:00:00+00:00,9.0,0.66
635,2024-01-14 16:00:00-07:00,2024-01-15 04:00:00-07:00,2024-01-14 23:00:00+00:00,2024-01-15 11:00:00+00:00,8.0,0.62
636,2024-01-15 04:00:00-07:00,2024-01-15 16:00:00-07:00,2024-01-15 11:00:00+00:00,2024-01-15 23:00:00+00:00,2.0,0.15
637,2024-01-15 16:00:00-07:00,2024-01-16 04:00:00-07:00,2024-01-15 23:00:00+00:00,2024-01-16 11:00:00+00:00,0.0,0.0
638,2024-01-16 04:00:00-07:00,2024-01-16 16:00:00-07:00,2024-01-16 11:00:00+00:00,2024-01-16 23:00:00+00:00,0.0,0.0
639,2024-01-16 16:00:00-07:00,2024-01-17 04:00:00-07:00,2024-01-16 23:00:00+00:00,2024-01-17 11:00:00+00:00,0.0,0.04
640,2024-01-17 04:00:00-07:00,2024-01-17 16:00:00-07:00,2024-01-17 11:00:00+00:00,2024-01-17 23:00:00+00:00,10.0,1.41
641,2024-01-17 16:00:00-07:00,2024-01-18 04:00:00-07:00,2024-01-17 23:00:00+00:00,2024-01-18 11:00:00+00:00,1.5,0.16
642,2024-01-18 04:00:00-07:00,2024-01-18 16:00:00-07:00,2024-01-18 11:00:00+00:00,2024-01-18 23:00:00+00:00,0.0,0.0
643,2024-01-18 16:00:00-07:00,2024-01-19 04:00:00-07:00,2024-01-18 23:00:00+00:00,2024-01-19 11:00:00+00:00,0.0,0.0
644,2024-01-19 04:00:00-07:00,2024-01-19 16:00:00-07:00,2024-01-19 11:00:00+00:00,2024-01-19 23:00:00+00:00,0.0,0.0
645,2024-01-19 16:00:00-07:00,2024-01-20 04:00:00-07:00,2024-01-19 23:00:00+00:00,2024-01-20 11:00:00+00:00,0.0,0.0
646,2024-01-20 04:00:00-07:00,2024-01-20 16:00:00-07:00,2024-01-20 11:00:00+00:00,2024-01-20 23:00:00+00:00,3.0,0.26
647,2024-01-20 16:00:00-07:00,2024-01-21 04:00:00-07:00,2024-01-20 23:00:00+00:00,2024-01-21 11:00:00+00:00,2.0,0.26
648,2024-01-21 04:00:00-07:00,2024-01-21 16:00:00-07:00,2024-01-21 11:00:00+00:00,2024-01-21 23:00:00+00:00,3.0,0.3
649,2024-01-21 16:00:00-07:00,2024-01-22 04:00:00-07:00,2024-01-21 23:00:00+00:00,2024-01-22 11:00:00+00:00,1.0,0.05
650,2024-01-22 04:00:00-07:00,2024-01-22 16:00:00-07:00,2024-01-22 11:00:00+00:00,2024-01-22 23:00:00+00:00,0.0,0.0
651,2024-01-22 16:00:00-07:00,2024-01-23 04:00:00-07:00,2024-01-22 23:00:00+00:00,2024-01-23 11:00:00+00:00,0.0,0.0
652,2024-01-23 04:00:00-07:00,2024-01-23 16:00:00-07:00,2024-01-23 11:00:00+00:00,2024-01-23 23:00:00+00:00,0.5,0.05
653,2024-01-23 16:00:00-07:00,2024-01-24 04:00:00-07:00,2024-01-23 23:00:00+00:00,2024-01-24 11:00:00+00:00,0.0,0.02
654,2024-01-24 04:00:00-07:00,2024-01-24 16:00:00-07:00,2024-01-24 11:00:00+00:00,2024-01-24 23:00:00+00:00,0.0,0.01
655,2024-01-24 16:00:00-07:00,2024-01-25 04:00:00-07:00,2024-01-24 23:00:00+00:00,2024-01-25 11:00:00+00:00,0.0,0.0
656,2024-01-25 04:00:00-07:00,2024-01-25 16:00:00-07:00,2024-01-25 11:00:00+00:00,2024-01-25 23:00:00+00:00,2.5,0.23
657,2024-01-25 16:00:00-07:00,2024-01-26 04:00:00-07:00,2024-01-25 23:00:00+00:00,2024-01-26 11:00:00+00:00,1.0,0.12
658,2024-01-26 04:00:00-07:00,2024-01-26 16:00:00-07:00,2024-01-26 11:00:00+00:00,2024-01-26 23:00:00+00:00,0.5,0.08
659,2024-01-26 16:00:00-07:00,2024-01-27 04:00:00-07:00,2024-01-26 23:00:00+00:00,2024-01-27 11:00:00+00:00,0.0,0.0
660,2024-01-27 04:00:00-07:00,2024-01-27 16:00:00-07:00,2024-01-27 11:00:00+00:00,2024-01-27 23:00:00+00:00,0.0,0.0
661,2024-01-27 16:00:00-07:00,2024-01-28 04:00:00-07:00,2024-01-27 23:00:00+00:00,2024-01-28 11:00:00+00:00,0.0,0.0
662,2024-01-28 04:00:00-07:00,2024-01-28 16:00:00-07:00,2024-01-28 11:00:00+00:00,2024-01-28 23:00:00+00:00,0.0,0.0
663,2024-01-28 16:00:00-07:00,2024-01-29 04:00:00-07:00,2024-01-28 23:00:00+00:00,2024-01-29 11:00:00+00:00,0.0,0.0
664,2024-01-29 04:00:00-07:00,2024-01-29 16:00:00-07:00,2024-01-29 11:00:00+00:00,2024-01-29 23:00:00+00:00,0.0,0.0
665,2024-01-29 16:00:00-07:00,2024-01-30 04:00:00-07:00,2024-01-29 23:00:00+00:00,2024-01-30 11:00:00+00:00,0.0,0.0
666,2024-01-30 04:00:00-07:00,2024-01-30 16:00:00-07:00,2024-01-30 11:00:00+00:00,2024-01-30 23:00:00+00:00,0.0,0.0
667,2024-01-30 16:00:00-07:00,2024-01-31 04:00:00-07:00,2024-01-30 23:00:00+00:00,2024-01-31 11:00:00+00:00,0.0,0.0
668,2024-01-31 04:00:00-07:00,2024-01-31 16:00:00-07:00,2024-01-31 11:00:00+00:00,2024-01-31 23:00:00+00:00,0.0,0.0
669,2024-01-31 16:00:00-07:00,2024-02-01 04:00:00-07:00,2024-01-31 23:00:00+00:00,2024-02-01 11:00:00+00:00,0.0,0.0
670,2024-02-01 04:00:00-07:00,2024-02-01 16:00:00-07:00,2024-02-01 11:00:00+00:00,2024-02-01 23:00:00+00:00,0.0,0.02
671,2024-02-01 16:00:00-07:00,2024-02-02 04:00:00-07:00,2024-02-01 23:00:00+00:00,2024-02-02 11:00:00+00:00,5.0,0.67
672,2024-02-02 04:00:00-07:00,2024-02-02 16:00:00-07:00,2024-02-02 11:00:00+00:00,2024-02-02 23:00:00+00:00,3.0,0.36
673,2024-02-02 16:00:00-07:00,2024-02-03 04:00:00-07:00,2024-02-02 23:00:00+00:00,2024-02-03 11:00:00+00:00,7.0,0.63
674,2024-02-03 04:00:00-07:00,2024-02-03 16:00:00-07:00,2024-02-03 11:00:00+00:00,2024-02-03 23:00:00+00:00,3.0,0.3
675,2024-02-03 16:00:00-07:00,2024-02-04 04:00:00-07:00,2024-02-03 23:00:00+00:00,2024-02-04 11:00:00+00:00,9.0,0.5
676,2024-02-04 04:00:00-07:00,2024-02-04 16:00:00-07:00,2024-02-04 11:00:00+00:00,2024-02-04 23:00:00+00:00,0.0,0.0
677,2024-02-04 16:00:00-07:00,2024-02-05 04:00:00-07:00,2024-02-04 23:00:00+00:00,2024-02-05 11:00:00+00:00,2.0,0.2
678,2024-02-05 04:00:00-07:00,2024-02-05 16:00:00-07:00,2024-02-05 11:00:00+00:00,2024-02-05 23:00:00+00:00,5.0,0.75
679,2024-02-05 16:00:00-07:00,2024-02-06 04:00:00-07:00,2024-02-05 23:00:00+00:00,2024-02-06 11:00:00+00:00,4.5,0.43
680,2024-02-06 04:00:00-07:00,2024-02-06 16:00:00-07:00,2024-02-06 11:00:00+00:00,2024-02-06 23:00:00+00:00,2.5,0.24
681,2024-02-06 16:00:00-07:00,2024-02-07 04:00:00-07:00,2024-02-06 23:00:00+00:00,2024-02-07 11:00:00+00:00,7.0,1.0
682,2024-02-07 04:00:00-07:00,2024-02-07 16:00:00-07:00,2024-02-07 11:00:00+00:00,2024-02-07 23:00:00+00:00,13.0,0.86
683,2024-02-07 16:00:00-07:00,2024-02-08 04:00:00-07:00,2024-02-07 23:00:00+00:00,2024-02-08 11:00:00+00:00,4.0,0.32
684,2024-02-08 04:00:00-07:00,2024-02-08 16:00:00-07:00,2024-02-08 11:00:00+00:00,2024-02-08 23:00:00+00:00,5.5,0.31
685,2024-02-08 16:00:00-07:00,2024-02-09 04:00:00-07:00,2024-02-08 23:00:00+00:00,2024-02-09 11:00:00+00:00,2.0,0.12
686,2024-02-09 04:00:00-07:00,2024-02-09 16:00:00-07:00,2024-02-09 11:00:00+00:00,2024-02-09 23:00:00+00:00,6.0,0.33
687,2024-02-09 16:00:00-07:00,2024-02-10 04:00:00-07:00,2024-02-09 23:00:00+00:00,2024-02-10 11:00:00+00:00,1.0,0.04
688,2024-02-10 04:00:00-07:00,2024-02-10 16:00:00-07:00,2024-02-10 11:00:00+00:00,2024-02-10 23:00:00+00:00,0.0,0.0
689,2024-02-10 16:00:00-07:00,2024-02-11 04:00:00-07:00,2024-02-10 23:00:00+00:00,2024-02-11 11:00:00+00:00,4.0,0.07
690,2024-02-11 04:00:00-07:00,2024-02-11 16:00:00-07:00,2024-02-11 11:00:00+00:00,2024-02-11 23:00:00+00:00,0.0,0.0
691,2024-02-11 16:00:00-07:00,2024-02-12 04:00:00-07:00,2024-02-11 23:00:00+00:00,2024-02-12 11:00:00+00:00,0.0,0.0
692,2024-02-12 04:00:00-07:00,2024-02-12 16:00:00-07:00,2024-02-12 11:00:00+00:00,2024-02-12 23:00:00+00:00,0.0,0.0
693,2024-02-12 16:00:00-07:00,2024-02-13 04:00:00-07:00,2024-02-12 23:00:00+00:00,2024-02-13 11:00:00+00:00,0.0,0.0
694,2024-02-13 04:00:00-07:00,2024-02-13 16:00:00-07:00,2024-02-13 11:00:00+00:00,2024-02-13 23:00:00+00:00,0.0,0.0
695,2024-02-13 16:00:00-07:00,2024-02-14 04:00:00-07:00,2024-02-13 23:00:00+00:00,2024-02-14 11:00:00+00:00,3.0,0.18
696,2024-02-14 04:00:00-07:00,2024-02-14 16:00:00-07:00,2024-02-14 11:00:00+00:00,2024-02-14 23:00:00+00:00,1.5,0.08
697,2024-02-14 16:00:00-07:00,2024-02-15 04:00:00-07:00,2024-02-14 23:00:00+00:00,2024-02-15 11:00:00+00:00,0.0,0.02
698,2024-02-15 04:00:00-07:00,2024-02-15 16:00:00-07:00,2024-02-15 11:00:00+00:00,2024-02-15 23:00:00+00:00,10.5,0.9
699,2024-02-15 16:00:00-07:00,2024-02-16 04:00:00-07:00,2024-02-15 23:00:00+00:00,2024-02-16 11:00:00+00:00,0.0,0.0
700,2024-02-16 04:00:00-07:00,2024-02-16 16:00:00-07:00,2024-02-16 11:00:00+00:00,2024-02-16 23:00:00+00:00,5.5,0.52
701,2024-02-16 16:00:00-07:00,2024-02-17 04:00:00-07:00,2024-02-16 23:00:00+00:00,2024-02-17 11:00:00+00:00,8.0,0.56
702,2024-02-17 04:00:00-07:00,2024-02-17 16:00:00-07:00,2024-02-17 11:00:00+00:00,2024-02-17 23:00:00+00:00,0.0,0.0
703,2024-02-17 16:00:00-07:00,2024-02-18 04:00:00-07:00,2024-02-17 23:00:00+00:00,2024-02-18 11:00:00+00:00,0.0,0.0
704,2024-02-18 04:00:00-07:00,2024-02-18 16:00:00-07:00,2024-02-18 11:00:00+00:00,2024-02-18 23:00:00+00:00,7.0,0.64
705,2024-02-18 16:00:00-07:00,2024-02-19 04:00:00-07:00,2024-02-18 23:00:00+00:00,2024-02-19 11:00:00+00:00,0.0,0.0
706,2024-02-19 04:00:00-07:00,2024-02-19 16:00:00-07:00,2024-02-19 11:00:00+00:00,2024-02-19 23:00:00+00:00,0.0,0.0
707,2024-02-19 16:00:00-07:00,2024-02-20 04:00:00-07:00,2024-02-19 23:00:00+00:00,2024-02-20 11:00:00+00:00,8.0,1.36
708,2024-02-20 04:00:00-07:00,2024-02-20 16:00:00-07:00,2024-02-20 11:00:00+00:00,2024-02-20 23:00:00+00:00,1.5,0.23
709,2024-02-20 16:00:00-07:00,2024-02-21 04:00:00-07:00,2024-02-20 23:00:00+00:00,2024-02-21 11:00:00+00:00,3.0,0.36
710,2024-02-21 04:00:00-07:00,2024-02-21 16:00:00-07:00,2024-02-21 11:00:00+00:00,2024-02-21 23:00:00+00:00,7.0,0.95
711,2024-02-21 16:00:00-07:00,2024-02-22 04:00:00-07:00,2024-02-21 23:00:00+00:00,2024-02-22 11:00:00+00:00,4.0,0.4
712,2024-02-22 04:00:00-07:00,2024-02-22 16:00:00-07:00,2024-02-22 11:00:00+00:00,2024-02-22 23:00:00+00:00,0.0,0.0
713,2024-02-22 16:00:00-07:00,2024-02-23 04:00:00-07:00,2024-02-22 23:00:00+00:00,2024-02-23 11:00:00+00:00,0.0,0.0
714,2024-02-23 04:00:00-07:00,2024-02-23 16:00:00-07:00,2024-02-23 11:00:00+00:00,2024-02-23 23:00:00+00:00,0.0,0.0
715,2024-02-23 16:00:00-07:00,2024-02-24 04:00:00-07:00,2024-02-23 23:00:00+00:00,2024-02-24 11:00:00+00:00,0.0,0.0
716,2024-02-24 04:00:00-07:00,2024-02-24 16:00:00-07:00,2024-02-24 11:00:00+00:00,2024-02-24 23:00:00+00:00,0.0,0.0
717,2024-02-24 16:00:00-07:00,2024-02-25 04:00:00-07:00,2024-02-24 23:00:00+00:00,2024-02-25 11:00:00+00:00,0.0,0.0
718,2024-02-25 04:00:00-07:00,2024-02-25 16:00:00-07:00,2024-02-25 11:00:00+00:00,2024-02-25 23:00:00+00:00,0.0,0.0
719,2024-02-25 16:00:00-07:00,2024-02-26 04:00:00-07:00,2024-02-25 23:00:00+00:00,2024-02-26 11:00:00+00:00,0.0,0.0
720,2024-02-26 04:00:00-07:00,2024-02-26 16:00:00-07:00,2024-02-26 11:00:00+00:00,2024-02-26 23:00:00+00:00,0.0,0.0
721,2024-02-26 16:00:00-07:00,2024-02-27 04:00:00-07:00,2024-02-26 23:00:00+00:00,2024-02-27 11:00:00+00:00,7.0,0.51
722,2024-02-27 04:00:00-07:00,2024-02-27 16:00:00-07:00,2024-02-27 11:00:00+00:00,2024-02-27 23:00:00+00:00,5.0,0.3
723,2024-02-27 16:00:00-07:00,2024-02-28 04:00:00-07:00,2024-02-27 23:00:00+00:00,2024-02-28 11:00:00+00:00,0.0,0.0
724,2024-02-28 04:00:00-07:00,2024-02-28 16:00:00-07:00,2024-02-28 11:00:00+00:00,2024-02-28 23:00:00+00:00,0.0,0.0
725,2024-02-28 16:00:00-07:00,2024-02-29 04:00:00-07:00,2024-02-28 23:00:00+00:00,2024-02-29 11:00:00+00:00,0.0,0.0
726,2024-02-29 04:00:00-07:00,2024-02-29 16:00:00-07:00,2024-02-29 11:00:00+00:00,2024-02-29 23:00:00+00:00,0.0,0.0
727,2024-02-29 16:00:00-07:00,2024-03-01 04:00:00-07:00,2024-02-29 23:00:00+00:00,2024-03-01 11:00:00+00:00,0.0,0.0
728,2024-03-01 04:00:00-07:00,2024-03-01 16:00:00-07:00,2024-03-01 11:00:00+00:00,2024-03-01 23:00:00+00:00,0.0,0.0
729,2024-03-01 16:00:00-07:00,2024-03-02 04:00:00-07:00,2024-03-01 23:00:00+00:00,2024-03-02 11:00:00+00:00,0.0,0.0
730,2024-03-02 04:00:00-07:00,2024-03-02 16:00:00-07:00,2024-03-02 11:00:00+00:00,2024-03-02 23:00:00+00:00,3.5,0.31
731,2024-03-02 16:00:00-07:00,2024-03-03 04:00:00-07:00,2024-03-02 23:00:00+00:00,2024-03-03 11:00:00+00:00,9.0,0.65
732,2024-03-03 04:00:00-07:00,2024-03-03 16:00:00-07:00,2024-03-03 11:00:00+00:00,2024-03-03 23:00:00+00:00,5.0,0.31
733,2024-03-03 16:00:00-07:00,2024-03-04 04:00:00-07:00,2024-03-03 23:00:00+00:00,2024-03-04 11:00:00+00:00,0.0,0.0
734,2024-03-04 04:00:00-07:00,2024-03-04 16:00:00-07:00,2024-03-04 11:00:00+00:00,2024-03-04 23:00:00+00:00,4.0,0.19
735,2024-03-04 16:00:00-07:00,2024-03-05 04:00:00-07:00,2024-03-04 23:00:00+00:00,2024-03-05 11:00:00+00:00,0.5,0.03
736,2024-03-05 04:00:00-07:00,2024-03-05 16:00:00-07:00,2024-03-05 11:00:00+00:00,2024-03-05 23:00:00+00:00,3.5,0.16
737,2024-03-05 16:00:00-07:00,2024-03-06 04:00:00-07:00,2024-03-05 23:00:00+00:00,2024-03-06 11:00:00+00:00,0.0,0.01
738,2024-03-06 04:00:00-07:00,2024-03-06 16:00:00-07:00,2024-03-06 11:00:00+00:00,2024-03-06 23:00:00+00:00,1.0,0.05
739,2024-03-06 16:00:00-07:00,2024-03-07 04:00:00-07:00,2024-03-06 23:00:00+00:00,2024-03-07 11:00:00+00:00,4.0,0.25
740,2024-03-07 04:00:00-07:00,2024-03-07 16:00:00-07:00,2024-03-07 11:00:00+00:00,2024-03-07 23:00:00+00:00,2.0,0.2
741,2024-03-07 16:00:00-07:00,2024-03-08 04:00:00-07:00,2024-03-07 23:00:00+00:00,2024-03-08 11:00:00+00:00,1.0,0.06
742,2024-03-08 04:00:00-07:00,2024-03-08 16:00:00-07:00,2024-03-08 11:00:00+00:00,2024-03-08 23:00:00+00:00,0.0,0.0
743,2024-03-08 16:00:00-07:00,2024-03-09 04:00:00-07:00,2024-03-08 23:00:00+00:00,2024-03-09 11:00:00+00:00,0.0,0.0
744,2024-03-09 04:00:00-07:00,2024-03-09 16:00:00-07:00,2024-03-09 11:00:00+00:00,2024-03-09 23:00:00+00:00,0.0,0.0
745,2024-03-09 16:00:00-07:00,2024-03-10 04:00:00-06:00,2024-03-09 23:00:00+00:00,2024-03-10 10:00:00+00:00,0.0,0.0
746,2024-03-10 04:00:00-06:00,2024-03-10 16:00:00-06:00,2024-03-10 10:00:00+00:00,2024-03-10 22:00:00+00:00,0.0,0.0
747,2024-03-10 16:00:00-06:00,2024-03-11 04:00:00-06:00,2024-03-10 22:00:00+00:00,2024-03-11 10:00:00+00:00,0.0,0.0
748,2024-03-11 04:00:00-06:00,2024-03-11 16:00:00-06:00,2024-03-11 10:00:00+00:00,2024-03-11 22:00:00+00:00,0.0,0.0
749,2024-03-11 16:00:00-06:00,2024-03-12 04:00:00-06:00,2024-03-11 22:00:00+00:00,2024-03-12 10:00:00+00:00,0.0,0.02
750,2024-03-12 04:00:00-06:00,2024-03-12 16:00:00-06:00,2024-03-12 10:00:00+00:00,2024-03-12 22:00:00+00:00,6.5,0.59
751,2024-03-12 16:00:00-06:00,2024-03-13 04:00:00-06:00,2024-03-12 22:00:00+00:00,2024-03-13 10:00:00+00:00,9.5,1.03
752,2024-03-13 04:00:00-06:00,2024-03-13 16:00:00-06:00,2024-03-13 10:00:00+00:00,2024-03-13 22:00:00+00:00,5.0,0.23
753,2024-03-13 16:00:00-06:00,2024-03-14 04:00:00-06:00,2024-03-13 22:00:00+00:00,2024-03-14 10:00:00+00:00,1.5,0.06
754,2024-03-14 04:00:00-06:00,2024-03-14 16:00:00-06:00,2024-03-14 10:00:00+00:00,2024-03-14 22:00:00+00:00,0.0,0.02
755,2024-03-14 16:00:00-06:00,2024-03-15 04:00:00-06:00,2024-03-14 22:00:00+00:00,2024-03-15 10:00:00+00:00,0.0,0.0
756,2024-03-15 04:00:00-06:00,2024-03-15 16:00:00-06:00,2024-03-15 10:00:00+00:00,2024-03-15 22:00:00+00:00,0.0,0.0
757,2024-03-15 16:00:00-06:00,2024-03-16 04:00:00-06:00,2024-03-15 22:00:00+00:00,2024-03-16 10:00:00+00:00,0.0,0.0
758,2024-03-16 04:00:00-06:00,2024-03-16 16:00:00-06:00,2024-03-16 10:00:00+00:00,2024-03-16 22:00:00+00:00,0.0,0.0
759,2024-03-16 16:00:00-06:00,2024-03-17 04:00:00-06:00,2024-03-16 22:00:00+00:00,2024-03-17 10:00:00+00:00,0.0,0.0
760,2024-03-17 04:00:00-06:00,2024-03-17 16:00:00-06:00,2024-03-17 10:00:00+00:00,2024-03-17 22:00:00+00:00,0.0,0.0
761,2024-03-17 16:00:00-06:00,2024-03-18 04:00:00-06:00,2024-03-17 22:00:00+00:00,2024-03-18 10:00:00+00:00,0.0,0.0
762,2024-03-18 04:00:00-06:00,2024-03-18 16:00:00-06:00,2024-03-18 10:00:00+00:00,2024-03-18 22:00:00+00:00,0.0,0.0
763,2024-03-18 16:00:00-06:00,2024-03-19 04:00:00-06:00,2024-03-18 22:00:00+00:00,2024-03-19 10:00:00+00:00,0.0,0.0
764,2024-03-19 04:00:00-06:00,2024-03-19 16:00:00-06:00,2024-03-19 10:00:00+00:00,2024-03-19 22:00:00+00:00,0.0,0.0
765,2024-03-19 16:00:00-06:00,2024-03-20 04:00:00-06:00,2024-03-19 22:00:00+00:00,2024-03-20 10:00:00+00:00,0.0,0.0
766,2024-03-20 04:00:00-06:00,2024-03-20 16:00:00-06:00,2024-03-20 10:00:00+00:00,2024-03-20 22:00:00+00:00,0.0,0.0
767,2024-03-20 16:00:00-06:00,2024-03-21 04:00:00-06:00,2024-03-20 22:00:00+00:00,2024-03-21 10:00:00+00:00,0.0,0.0
768,2024-03-21 04:00:00-06:00,2024-03-21 16:00:00-06:00,2024-03-21 10:00:00+00:00,2024-03-21 22:00:00+00:00,1.0,0.12
769,2024-03-21 16:00:00-06:00,2024-03-22 04:00:00-06:00,2024-03-21 22:00:00+00:00,2024-03-22 10:00:00+00:00,0.0,0.0
770,2024-03-22 04:00:00-06:00,2024-03-22 16:00:00-06:00,2024-03-22 10:00:00+00:00,2024-03-22 22:00:00+00:00,0.0,0.0
771,2024-03-22 16:00:00-06:00,2024-03-23 04:00:00-06:00,2024-03-22 22:00:00+00:00,2024-03-23 10:00:00+00:00,0.0,0.02
772,2024-03-23 04:00:00-06:00,2024-03-23 16:00:00-06:00,2024-03-23 10:00:00+00:00,2024-03-23 22:00:00+00:00,1.5,0.13
773,2024-03-23 16:00:00-06:00,2024-03-24 04:00:00-06:00,2024-03-23 22:00:00+00:00,2024-03-24 10:00:00+00:00,10.0,1.0
774,2024-03-24 04:00:00-06:00,2024-03-24 16:00:00-06:00,2024-03-24 10:00:00+00:00,2024-03-24 22:00:00+00:00,12.0,0.95
775,2024-03-24 16:00:00-06:00,2024-03-25 04:00:00-06:00,2024-03-24 22:00:00+00:00,2024-03-25 10:00:00+00:00,4.0,0.3
776,2024-03-25 04:00:00-06:00,2024-03-25 16:00:00-06:00,2024-03-25 10:00:00+00:00,2024-03-25 22:00:00+00:00,3.0,0.2
777,2024-03-25 16:00:00-06:00,2024-03-26 04:00:00-06:00,2024-03-25 22:00:00+00:00,2024-03-26 10:00:00+00:00,3.0,0.2
778,2024-03-26 04:00:00-06:00,2024-03-26 16:00:00-06:00,2024-03-26 10:00:00+00:00,2024-03-26 22:00:00+00:00,5.0,0.5
779,2024-03-26 16:00:00-06:00,2024-03-27 04:00:00-06:00,2024-03-26 22:00:00+00:00,2024-03-27 10:00:00+00:00,3.0,0.31
780,2024-03-27 04:00:00-06:00,2024-03-27 16:00:00-06:00,2024-03-27 10:00:00+00:00,2024-03-27 22:00:00+00:00,0.0,0.01
781,2024-03-27 16:00:00-06:00,2024-03-28 04:00:00-06:00,2024-03-27 22:00:00+00:00,2024-03-28 10:00:00+00:00,0.0,0.0
782,2024-03-28 04:00:00-06:00,2024-03-28 16:00:00-06:00,2024-03-28 10:00:00+00:00,2024-03-28 22:00:00+00:00,7.0,0.54
783,2024-03-28 16:00:00-06:00,2024-03-29 04:00:00-06:00,2024-03-28 22:00:00+00:00,2024-03-29 10:00:00+00:00,3.0,0.35
784,2024-03-29 04:00:00-06:00,2024-03-29 16:00:00-06:00,2024-03-29 10:00:00+00:00,2024-03-29 22:00:00+00:00,0.0,0.0
785,2024-03-29 16:00:00-06:00,2024-03-30 04:00:00-06:00,2024-03-29 22:00:00+00:00,2024-03-30 10:00:00+00:00,3.5,0.28
786,2024-03-30 04:00:00-06:00,2024-03-30 16:00:00-06:00,2024-03-30 10:00:00+00:00,2024-03-30 22:00:00+00:00,3.5,0.25
787,2024-03-30 16:00:00-06:00,2024-03-31 04:00:00-06:00,2024-03-30 22:00:00+00:00,2024-03-31 10:00:00+00:00,6.0,0.65
788,2024-03-31 04:00:00-06:00,2024-03-31 16:00:00-06:00,2024-03-31 10:00:00+00:00,2024-03-31 22:00:00+00:00,6.0,0.48
789,2024-03-31 16:00:00-06:00,2024-04-01 04:00:00-06:00,2024-03-31 22:00:00+00:00,2024-04-01 10:00:00+00:00,3.5,0.35
790,2024-04-01 04:00:00-06:00,2024-04-01 16:00:00-06:00,2024-04-01 10:00:00+00:00,2024-04-01 22:00:00+00:00,3.0,0.2
791,2024-04-01 16:00:00-06:00,2024-04-02 04:00:00-06:00,2024-04-01 22:00:00+00:00,2024-04-02 10:00:00+00:00,1.0,0.14
792,2024-04-02 04:00:00-06:00,2024-04-02 16:00:00-06:00,2024-04-02 10:00:00+00:00,2024-04-02 22:00:00+00:00,0.0,0.0
793,2024-04-02 16:00:00-06:00,2024-04-03 04:00:00-06:00,2024-04-02 22:00:00+00:00,2024-04-03 10:00:00+00:00,0.0,0.0
794,2024-04-03 04:00:00-06:00,2024-04-03 16:00:00-06:00,2024-04-03 10:00:00+00:00,2024-04-03 22:00:00+00:00,0.0,0.0
795,2024-04-03 16:00:00-06:00,2024-04-04 04:00:00-06:00,2024-04-03 22:00:00+00:00,2024-04-04 10:00:00+00:00,0.0,0.0
796,2024-04-04 04:00:00-06:00,2024-04-04 16:00:00-06:00,2024-04-04 10:00:00+00:00,2024-04-04 22:00:00+00:00,0.0,0.0
797,2024-04-04 16:00:00-06:00,2024-04-05 04:00:00-06:00,2024-04-04 22:00:00+00:00,2024-04-05 10:00:00+00:00,0.0,0.0
798,2024-04-05 04:00:00-06:00,2024-04-05 16:00:00-06:00,2024-04-05 10:00:00+00:00,2024-04-05 22:00:00+00:00,3.0,0.25
799,2024-04-05 16:00:00-06:00,2024-04-06 04:00:00-06:00,2024-04-05 22:00:00+00:00,2024-04-06 10:00:00+00:00,5.0,0.38
800,2024-04-06 04:00:00-06:00,2024-04-06 16:00:00-06:00,2024-04-06 10:00:00+00:00,2024-04-06 22:00:00+00:00,10.0,0.66
801,2024-04-06 16:00:00-06:00,2024-04-07 04:00:00-06:00,2024-04-06 22:00:00+00:00,2024-04-07 10:00:00+00:00,8.0,0.55
802,2024-04-07 04:00:00-06:00,2024-04-07 16:00:00-06:00,2024-04-07 10:00:00+00:00,2024-04-07 22:00:00+00:00,1.0,0.05
803,2024-04-07 16:00:00-06:00,2024-04-08 04:00:00-06:00,2024-04-07 22:00:00+00:00,2024-04-08 10:00:00+00:00,0.0,0.01
804,2024-04-08 04:00:00-06:00,2024-04-08 16:00:00-06:00,2024-04-08 10:00:00+00:00,2024-04-08 22:00:00+00:00,0.0,0.0
805,2024-04-08 16:00:00-06:00,2024-04-09 04:00:00-06:00,2024-04-08 22:00:00+00:00,2024-04-09 10:00:00+00:00,0.0,0.0
806,2024-04-09 04:00:00-06:00,2024-04-09 16:00:00-06:00,2024-04-09 10:00:00+00:00,2024-04-09 22:00:00+00:00,0.0,0.0
807,2024-04-09 16:00:00-06:00,2024-04-10 04:00:00-06:00,2024-04-09 22:00:00+00:00,2024-04-10 10:00:00+00:00,0.0,0.0
808,2024-04-10 04:00:00-06:00,2024-04-10 16:00:00-06:00,2024-04-10 10:00:00+00:00,2024-04-10 22:00:00+00:00,0.0,0.0
809,2024-04-10 16:00:00-06:00,2024-04-11 04:00:00-06:00,2024-04-10 22:00:00+00:00,2024-04-11 10:00:00+00:00,0.0,0.0
810,2024-04-11 04:00:00-06:00,2024-04-11 16:00:00-06:00,2024-04-11 10:00:00+00:00,2024-04-11 22:00:00+00:00,0.0,0.0
811,2024-04-11 16:00:00-06:00,2024-04-12 04:00:00-06:00,2024-04-11 22:00:00+00:00,2024-04-12 10:00:00+00:00,0.0,0.0
812,2024-04-12 04:00:00-06:00,2024-04-12 16:00:00-06:00,2024-04-12 10:00:00+00:00,2024-04-12 22:00:00+00:00,0.0,0.0
813,2024-04-12 16:00:00-06:00,2024-04-13 04:00:00-06:00,2024-04-12 22:00:00+00:00,2024-04-13 10:00:00+00:00,0.0,0.0
814,2024-04-13 04:00:00-06:00,2024-04-13 16:00:00-06:00,2024-04-13 10:00:00+00:00,2024-04-13 22:00:00+00:00,0.0,0.0
815,2024-04-13 16:00:00-06:00,2024-04-14 04:00:00-06:00,2024-04-13 22:00:00+00:00,2024-04-14 10:00:00+00:00,0.0,0.0
816,2024-04-14 04:00:00-06:00,2024-04-14 16:00:00-06:00,2024-04-14 10:00:00+00:00,2024-04-14 22:00:00+00:00,0.0,0.0
817,2024-04-14 16:00:00-06:00,2024-04-15 04:00:00-06:00,2024-04-14 22:00:00+00:00,2024-04-15 10:00:00+00:00,2.0,0.12
818,2024-04-15 04:00:00-06:00,2024-04-15 16:00:00-06:00,2024-04-15 10:00:00+00:00,2024-04-15 22:00:00+00:00,0.5,0.15
819,2024-04-15 16:00:00-06:00,2024-04-16 04:00:00-06:00,2024-04-15 22:00:00+00:00,2024-04-16 10:00:00+00:00,7.5,1.38
820,2024-04-16 04:00:00-06:00,2024-04-16 16:00:00-06:00,2024-04-16 10:00:00+00:00,2024-04-16 22:00:00+00:00,0.0,0.0
821,2024-04-16 16:00:00-06:00,2024-04-17 04:00:00-06:00,2024-04-16 22:00:00+00:00,2024-04-17 10:00:00+00:00,0.0,0.0
822,2024-04-17 04:00:00-06:00,2024-04-17 16:00:00-06:00,2024-04-17 10:00:00+00:00,2024-04-17 22:00:00+00:00,0.0,0.0
823,2024-04-17 16:00:00-06:00,2024-04-18 04:00:00-06:00,2024-04-17 22:00:00+00:00,2024-04-18 10:00:00+00:00,0.0,0.0
824,2024-04-18 04:00:00-06:00,2024-04-18 16:00:00-06:00,2024-04-18 10:00:00+00:00,2024-04-18 22:00:00+00:00,0.0,0.0
825,2024-04-18 16:00:00-06:00,2024-04-19 04:00:00-06:00,2024-04-18 22:00:00+00:00,2024-04-19 10:00:00+00:00,0.0,0.0
826,2024-04-19 04:00:00-06:00,2024-04-19 16:00:00-06:00,2024-04-19 10:00:00+00:00,2024-04-19 22:00:00+00:00,0.0,0.0
827,2024-04-19 16:00:00-06:00,2024-04-20 04:00:00-06:00,2024-04-19 22:00:00+00:00,2024-04-20 10:00:00+00:00,0.0,0.0
828,2024-04-20 04:00:00-06:00,2024-04-20 16:00:00-06:00,2024-04-20 10:00:00+00:00,2024-04-20 22:00:00+00:00,0.0,0.0
829,2024-04-20 16:00:00-06:00,2024-04-21 04:00:00-06:00,2024-04-20 22:00:00+00:00,2024-04-21 10:00:00+00:00,0.0,0.0
830,2024-04-21 04:00:00-06:00,2024-04-21 16:00:00-06:00,2024-04-21 10:00:00+00:00,2024-04-21 22:00:00+00:00,0.0,0.0
831,2024-04-21 16:00:00-06:00,2024-04-22 04:00:00-06:00,2024-04-21 22:00:00+00:00,2024-04-22 10:00:00+00:00,0.0,0.0
832,2024-04-22 04:00:00-06:00,2024-04-22 16:00:00-06:00,2024-04-22 10:00:00+00:00,2024-04-22 22:00:00+00:00,0.0,0.0
833,2024-04-22 16:00:00-06:00,2024-04-23 04:00:00-06:00,2024-04-22 22:00:00+00:00,2024-04-23 10:00:00+00:00,0.0,0.0
834,2024-04-23 04:00:00-06:00,2024-04-23 16:00:00-06:00,2024-04-23 10:00:00+00:00,2024-04-23 22:00:00+00:00,0.0,0.0
835,2024-04-23 16:00:00-06:00,2024-04-24 04:00:00-06:00,2024-04-23 22:00:00+00:00,2024-04-24 10:00:00+00:00,0.0,0.0
836,2024-04-24 04:00:00-06:00,2024-04-24 16:00:00-06:00,2024-04-24 10:00:00+00:00,2024-04-24 22:00:00+00:00,0.0,0.0
837,2024-04-24 16:00:00-06:00,2024-04-25 04:00:00-06:00,2024-04-24 22:00:00+00:00,2024-04-25 10:00:00+00:00,0.0,0.0
838,2024-04-25 04:00:00-06:00,2024-04-25 16:00:00-06:00,2024-04-25 10:00:00+00:00,2024-04-25 22:00:00+00:00,0.0,0.05
839,2024-04-25 16:00:00-06:00,2024-04-26 04:00:00-06:00,2024-04-25 22:00:00+00:00,2024-04-26 10:00:00+00:00,0.0,0.01
840,2024-04-26 04:00:00-06:00,2024-04-26 16:00:00-06:00,2024-04-26 10:00:00+00:00,2024-04-26 22:00:00+00:00,3.0,0.53
841,2024-04-26 16:00:00-06:00,2024-04-27 04:00:00-06:00,2024-04-26 22:00:00+00:00,2024-04-27 10:00:00+00:00,2.5,0.27
842,2024-04-27 04:00:00-06:00,2024-04-27 16:00:00-06:00,2024-04-27 10:00:00+00:00,2024-04-27 22:00:00+00:00,0.0,0.09
843,2024-04-27 16:00:00-06:00,2024-04-28 04:00:00-06:00,2024-04-27 22:00:00+00:00,2024-04-28 10:00:00+00:00,1.0,0.14
844,2024-04-28 04:00:00-06:00,2024-04-28 16:00:00-06:00,2024-04-28 10:00:00+00:00,2024-04-28 22:00:00+00:00,0.0,0.0
845,2024-04-28 16:00:00-06:00,2024-04-29 04:00:00-06:00,2024-04-28 22:00:00+00:00,2024-04-29 10:00:00+00:00,0.0,0.0
846,2024-04-29 04:00:00-06:00,2024-04-29 16:00:00-06:00,2024-04-29 10:00:00+00:00,2024-04-29 22:00:00+00:00,0.0,0.06
847,2024-04-29 16:00:00-06:00,2024-04-30 04:00:00-06:00,2024-04-29 22:00:00+00:00,2024-04-30 10:00:00+00:00,0.5,0.13
848,2024-04-30 04:00:00-06:00,2024-04-30 16:00:00-06:00,2024-04-30 10:00:00+00:00,2024-04-30 22:00:00+00:00,0.0,0.0
849,2024-04-30 16:00:00-06:00,2024-05-01 04:00:00-06:00,2024-04-30 22:00:00+00:00,2024-05-01 10:00:00+00:00,0.0,0.0
